CharlieID,PassengerID,Balance,TransactionID,CardNumber,CVV,ExpirationDate
9401450153,1,984,720,,943,10/8/28
6982907376,2,853,583,,682,4/22/26
5494104559,3,586,368,5.04837E+15,406,8/24/23
7346731719,4,349,698,,345,12/14/30
1034882325,5,531,934,,522,9/14/22
5137161136,6,794,820,,593,12/24/29
8386076895,7,537,289,5.10876E+15,988,8/10/24
602782198,8,812,209,,836,10/16/26
7589210757,9,731,460,5.10876E+15,975,11/17/23
8528453405,10,417,662,,558,1/31/27
3420321503,11,142,259,,707,3/10/22
1122634102,12,120,538,,263,6/29/27
6416147904,13,328,486,,763,12/15/27
1288715099,14,867,401,,911,8/27/27
7341155833,15,698,179,5.10876E+15,514,10/12/29
3968416155,16,646,693,,257,2/12/30
4492347526,17,913,480,,368,12/24/25
147415063,18,551,424,5.10876E+15,261,4/1/24
3372199669,19,820,263,,381,4/18/21
9736824756,20,170,586,,962,6/8/30
4411895730,21,857,226,,611,12/4/26
574649069,22,930,215,5.04838E+15,294,3/15/21
8764105253,23,619,477,,702,5/3/22
2774839122,24,351,176,,567,11/7/21
7372731070,25,956,666,,444,8/6/30
9077871756,26,548,421,,354,6/5/27
2509504630,27,911,997,,160,11/24/22
6612238933,28,785,652,5.04837E+15,236,6/15/22
6023931243,29,430,950,,221,5/2/24
2565397666,30,559,265,,264,9/4/22
1616236353,31,589,426,,432,8/29/29
6871567860,32,100,618,5.04837E+15,204,4/22/21
9518240957,33,254,183,,247,6/29/29
7211301643,34,40,671,,843,8/30/27
1222927195,35,275,136,,675,12/1/23
4341040995,36,830,277,5.04837E+15,309,7/11/27
6413294485,37,985,337,,594,5/13/22
1695416260,38,750,245,,722,2/21/29
1482774321,39,212,854,,654,4/24/28
1305880641,40,364,975,,897,3/22/26
627884121,41,811,324,,796,1/8/28
4870565250,42,214,358,,689,6/26/30
1677548401,43,607,568,,831,11/30/25
4967977537,44,446,450,,879,9/28/28
3949503498,45,560,131,,247,12/1/27
8700664170,46,165,643,5.10876E+15,405,6/8/23
735366683,47,565,324,,450,2/24/22
8775834170,48,47,747,5.04837E+15,575,8/5/30
4206444528,49,128,666,,853,1/7/29
1449830587,50,572,206,,246,1/15/21
8740079775,51,71,170,5.04838E+15,403,9/6/23
4790560198,52,846,867,5.10876E+15,740,12/4/21
3561938019,53,163,558,,247,11/7/22
278552668,54,18,401,,593,11/22/29
6302421438,55,881,802,,485,4/13/28
3456448872,56,87,872,5.10875E+15,926,1/1/25
1652795227,57,496,529,,518,9/2/28
9814431621,58,252,602,5.04837E+15,263,12/19/26
6675210564,59,273,497,,229,4/21/29
6235656548,60,413,731,5.04837E+15,729,4/8/28
2390391540,61,753,289,,736,4/20/22
2742820930,62,218,694,,338,7/25/23
3494289867,63,549,804,,156,3/27/25
2140260279,64,50,861,,813,2/24/23
8965080924,65,517,362,,722,6/18/28
8633134020,66,615,261,,692,8/7/24
8125404740,67,635,101,5.10876E+15,226,11/23/21
583573169,68,830,248,,254,3/27/26
184094674,69,373,570,,338,6/22/22
2254450999,70,562,242,,168,7/15/22
8815414886,71,663,330,,763,6/8/25
2964270910,72,661,859,,126,3/19/27
4534022506,73,282,277,,868,3/16/21
2916379843,74,196,831,,369,1/9/22
9278400300,75,993,739,5.04838E+15,163,5/5/28
4358692532,76,679,499,,665,9/22/23
7060043616,77,325,743,,375,7/22/30
4991633648,78,894,402,,698,11/9/22
3677561345,79,529,296,,344,3/1/24
7201879901,80,546,211,,912,9/23/28
6831168043,81,66,823,5.04838E+15,214,8/8/22
3376485003,82,519,164,,464,12/19/21
8038437381,83,90,282,,865,2/22/21
1875796622,84,474,409,,918,7/28/26
5575819752,85,361,133,,169,1/14/22
2141586518,86,389,743,,466,5/14/29
4711116478,87,743,840,,797,7/9/24
4226246454,88,86,283,,355,11/6/22
3342443227,89,811,717,,249,2/23/23
3168086118,90,349,833,,378,11/28/29
8273204669,91,164,419,,779,6/21/27
3903165921,92,731,362,5.04837E+15,919,6/30/24
9097807247,93,284,324,,975,4/5/24
9021972654,94,513,453,5.10875E+15,438,9/10/23
3387507194,95,22,119,,624,11/11/22
116103582,96,181,236,,405,3/7/24
144445662,97,64,756,,818,11/9/25
7060273085,98,470,212,5.04838E+15,176,1/29/25
2956152270,99,515,737,,999,4/10/26
1491004924,100,999,703,5.04837E+15,372,4/3/23
7739651923,101,945,358,,135,5/10/21
8538254758,102,906,341,,823,2/22/28
7232897979,103,214,244,,524,5/14/22
5905715394,104,491,721,,135,4/26/29
900255226,105,848,439,,657,11/22/25
8259009722,106,792,563,,467,11/4/29
457619252,107,71,586,5.04837E+15,274,5/10/22
8369296416,108,351,460,,733,1/6/26
9824465871,109,462,921,,689,1/18/27
7438188485,110,387,290,5.10876E+15,124,1/4/22
4510796064,111,819,553,,103,10/2/29
120280299,112,836,727,,496,4/13/26
605521905,113,777,339,5.04837E+15,685,11/22/24
7406860560,114,505,210,5.10875E+15,331,11/30/27
4452698026,115,982,812,,191,11/16/24
5714513509,116,244,288,,766,8/28/30
4979980252,117,11,826,,848,5/8/29
289404924,118,726,618,,644,4/19/27
767533925,119,618,300,5.04837E+15,841,12/26/22
2657995659,120,542,237,5.04837E+15,235,6/9/28
9741472137,121,224,244,,209,3/15/21
9949592445,122,64,388,,498,3/24/22
9997666879,123,699,854,5.04838E+15,461,8/31/22
6946667743,124,645,212,,651,7/17/27
4897075610,125,552,225,,302,9/28/25
3515280820,126,527,837,,148,5/1/21
5396063165,127,215,363,5.04837E+15,577,6/18/24
7731064727,128,476,851,,393,7/3/23
861544110,129,913,320,,409,4/29/25
4063591506,130,547,999,,390,8/28/27
3505281786,131,694,420,,448,1/10/21
5928242360,132,636,214,5.04838E+15,499,11/24/22
9419365166,133,453,538,,398,9/9/22
1413699324,134,386,810,5.04837E+15,274,9/28/25
898056020,135,837,401,,653,7/23/25
9810996314,136,232,572,5.04838E+15,399,8/11/27
1583624821,137,353,648,,852,9/5/23
8273012379,138,123,329,5.10875E+15,660,2/3/24
689365608,139,323,676,,793,10/10/23
722265050,140,95,578,,358,1/8/23
4318040593,141,315,100,,103,7/8/26
6219799429,142,161,388,,133,11/30/24
1839719893,143,568,166,,306,3/22/28
6561695704,144,182,992,,322,11/22/30
2277975249,145,535,873,,152,10/27/30
2111611751,146,461,692,,185,5/16/23
3124099559,147,543,376,,831,3/9/27
9478702211,148,104,723,,381,1/7/23
7958175337,149,595,936,,590,10/10/21
4363709022,150,296,327,,365,10/27/21
9238828008,151,154,521,,561,9/30/25
5907760664,152,372,795,,580,5/11/26
3718872544,153,944,343,,145,5/6/22
4400376648,154,199,308,,718,12/21/28
8667490067,155,273,625,5.10876E+15,117,4/3/27
1211492524,156,197,431,,337,10/9/29
9239972242,157,156,489,5.10876E+15,724,10/6/27
8581370381,158,553,959,,805,8/9/28
976237423,159,78,783,,173,12/1/28
239514580,160,339,194,,636,7/10/27
9679551016,161,148,316,,800,10/29/29
2348598469,162,708,346,,540,7/7/30
4003474252,163,511,105,,452,7/22/25
2974073387,164,444,448,,363,7/12/28
3130373489,165,55,958,,128,8/5/26
9260411955,166,331,431,,905,12/4/28
7619466789,167,540,873,5.10875E+15,787,12/17/21
993679226,168,692,241,,592,8/28/22
4833067242,169,932,507,,186,5/2/27
4974881604,170,697,623,,250,5/1/30
2369371994,171,968,240,,254,8/15/21
3902830018,172,555,579,,254,11/14/26
8958103884,173,31,503,,992,1/29/22
8328319454,174,492,232,5.04838E+15,922,2/12/21
4288367212,175,610,987,,676,7/19/26
8292755276,176,711,657,,979,8/9/21
2473369151,177,924,818,5.04838E+15,961,12/25/28
2050159595,178,472,167,,109,1/7/24
8892846329,179,60,737,,326,12/28/29
1287721095,180,383,990,,545,8/9/21
1192915429,181,941,213,,137,8/30/23
960477055,182,708,451,,510,4/19/22
129483702,183,381,948,,183,8/5/29
1197932216,184,418,820,,897,12/7/26
7694908998,185,751,581,5.04838E+15,637,11/20/24
9507421882,186,566,569,5.04837E+15,413,1/1/30
5526784339,187,578,923,,958,1/12/24
848175654,188,824,767,5.04838E+15,838,10/27/27
2786812682,189,2,702,,647,6/29/29
7487015890,190,869,955,5.04838E+15,497,8/6/22
3501783825,191,176,288,5.10875E+15,655,1/26/30
1861753985,192,180,967,,811,2/23/24
1458275531,193,824,528,,737,4/28/25
902163787,194,426,915,5.10875E+15,266,11/8/24
7764010006,195,614,446,,523,1/27/22
1404931570,196,157,208,,149,1/1/27
6813095439,197,452,787,5.10875E+15,233,1/15/23
9630232456,198,179,636,5.04837E+15,904,4/23/23
3715192941,199,302,471,,914,12/25/24
192255495,200,942,864,,678,5/14/29
8602689683,201,128,206,5.10875E+15,355,3/21/26
5942626049,202,867,324,5.04838E+15,194,6/20/26
702166464,203,891,899,5.04838E+15,491,1/12/27
8504094472,204,1,825,,530,1/15/27
4091238955,205,508,257,,372,5/12/26
4856175416,206,781,245,,424,6/13/26
1229781676,207,794,268,,860,3/21/28
1322556318,208,889,672,,320,5/12/24
9470618459,209,538,507,,255,2/26/23
6968836467,210,429,460,5.04837E+15,500,1/26/24
3188997760,211,429,350,5.10875E+15,638,6/17/21
8818608606,212,469,512,,255,2/17/28
4311045417,213,572,658,,165,7/12/26
6456309085,214,888,164,5.04838E+15,879,2/4/21
3230178947,215,439,256,,686,8/14/22
3318212741,216,463,529,,394,7/22/23
5023367312,217,755,150,,831,9/21/29
6733779803,218,203,874,,351,10/18/30
7957753884,219,965,187,,910,1/13/22
5886586210,220,144,358,,228,12/11/26
7060389873,221,306,125,,202,2/18/24
6497313877,222,484,708,,370,12/24/27
6562911028,223,98,846,,271,3/4/22
2729183728,224,800,296,,650,6/23/24
3823556266,225,896,739,,813,10/30/26
617832854,226,944,162,,955,11/19/29
1902375092,227,962,643,5.04837E+15,871,11/19/23
3789010006,228,542,833,,152,2/22/21
2054232408,229,412,521,5.04837E+15,443,3/28/24
9271552091,230,222,590,,625,12/26/30
5164367424,231,116,293,5.04838E+15,546,2/16/21
2176801040,232,951,463,,321,12/21/30
112694764,233,884,996,,865,5/6/29
6633112548,234,886,650,,335,1/21/24
2773006518,235,827,178,,277,7/21/25
818961066,236,46,406,,347,3/11/30
6251229276,237,309,330,,969,2/20/28
8569299907,238,841,219,,820,3/11/25
1888697660,239,641,877,,200,4/26/25
9354312004,240,458,599,,802,1/4/23
8685155940,241,334,106,,414,8/25/30
6766196637,242,975,996,,594,3/26/27
9040592349,243,92,944,5.10876E+15,807,5/9/23
858296004,244,578,194,,348,1/17/30
1286478243,245,553,389,,569,1/18/21
5836888078,246,335,576,5.10875E+15,245,10/16/29
506232875,247,148,209,,157,4/6/21
5597031856,248,658,636,,615,2/21/28
3502838992,249,809,300,,137,12/11/28
1923479067,250,683,627,,654,9/1/30
1071746197,251,246,227,,350,7/6/28
9098451411,252,528,271,,159,1/18/23
8665440860,253,829,736,,462,6/9/21
7044746187,254,915,428,,162,5/10/22
771370091,255,334,654,,144,1/20/27
965109224,256,742,123,5.04838E+15,117,2/14/29
4313149856,257,743,420,,583,5/25/23
9822936826,258,799,537,,995,12/22/23
7818332472,259,844,681,,731,1/7/26
931586348,260,841,289,,689,8/6/24
5169292791,261,234,127,,644,5/25/21
928686213,262,266,851,,636,10/19/28
1674045301,263,442,218,,346,4/1/29
1843442779,264,953,601,,371,5/27/23
9984671496,265,932,671,,400,1/9/27
4770099436,266,455,675,,115,8/13/23
3066181391,267,695,461,,241,11/22/28
6655423163,268,691,715,5.04838E+15,331,8/9/28
626320038,269,884,516,,261,9/16/27
9047997867,270,836,462,5.04838E+15,926,7/16/24
7739973467,271,38,349,,842,8/11/28
6942716790,272,535,415,,799,12/3/28
6953112549,273,983,369,5.10875E+15,154,10/13/26
8620943472,274,792,139,,786,5/22/30
4585670947,275,807,235,,633,11/14/23
667480382,276,793,860,,591,7/14/21
3050769165,277,95,275,,591,7/4/25
4313120041,278,149,292,,125,1/10/21
4067852193,279,199,603,,476,3/18/22
6276136824,280,418,306,,726,2/24/25
9236089208,281,718,197,,797,10/18/22
4119197719,282,574,851,,497,8/21/29
2124132199,283,184,131,,992,8/23/24
3311702581,284,45,744,,169,3/20/22
6390854323,285,394,223,,987,7/16/28
7216093860,286,769,876,,601,9/18/30
1245832689,287,566,231,,833,3/18/28
5776159717,288,764,763,,631,1/24/23
3846491780,289,6,552,,372,8/19/25
8565318877,290,777,947,,872,12/10/28
9583420123,291,919,616,,785,3/6/25
6415019996,292,58,960,,534,9/29/23
9650499881,293,734,478,,133,5/8/27
2707306576,294,632,161,,127,7/15/25
7013512923,295,545,984,,569,1/3/22
4308348145,296,645,269,,712,6/22/22
7954089827,297,531,569,,369,1/1/30
7769975751,298,389,839,,587,6/9/24
5870751241,299,723,625,,547,4/2/25
6478677222,300,353,645,,747,9/19/23
2437181059,301,151,428,,558,11/6/29
1985625970,302,504,407,,806,8/18/25
9152243354,303,479,625,,643,2/5/22
2464115479,304,757,830,,308,6/16/25
7167790745,305,651,676,5.10875E+15,984,6/15/21
921352328,306,678,459,,491,2/24/25
6467856295,307,643,145,,549,3/3/27
9990295891,308,45,624,5.04838E+15,592,3/17/28
2091257508,309,783,847,,528,6/29/30
4342740877,310,507,696,,718,3/20/30
8925938820,311,947,586,,460,4/2/26
9056558048,312,21,180,,481,9/15/22
8344588812,313,648,629,,861,8/21/23
6998545959,314,346,529,,798,12/28/22
3444744765,315,389,629,5.04837E+15,195,12/11/25
4461500055,316,815,446,,870,1/24/24
7242150353,317,937,645,,846,9/2/23
5014212786,318,699,373,,313,7/7/27
7857345202,319,261,762,5.04838E+15,262,3/12/28
758715773,320,580,324,,108,5/8/22
3383371263,321,458,417,5.10875E+15,310,4/16/27
306136791,322,735,546,,857,4/25/26
529607166,323,550,340,5.10876E+15,841,9/9/21
5684755593,324,819,627,,543,8/3/26
7411197114,325,572,806,,231,7/15/28
5541589835,326,578,270,5.04837E+15,639,11/27/30
2456605071,327,312,231,,627,12/3/26
2756541931,328,341,691,5.04838E+15,194,12/16/21
6623439129,329,467,961,,654,10/31/27
4475424755,330,30,957,,477,7/23/28
2556477512,331,338,626,,891,3/2/30
7993302382,332,576,261,5.04838E+15,480,11/29/27
611941554,333,626,756,,406,11/15/21
7148071445,334,969,189,5.10876E+15,797,11/22/27
1322378509,335,523,625,5.10876E+15,772,6/12/28
8012459876,336,897,958,,894,9/24/22
3421567689,337,600,559,5.04838E+15,667,1/22/27
2401492925,338,557,171,,844,4/1/22
1228802068,339,496,593,,304,9/20/25
3387770006,340,350,337,,569,2/16/26
7927414488,341,771,695,5.04838E+15,787,2/25/28
5299464045,342,195,100,,513,7/12/23
32155395,343,507,897,,993,3/27/30
3493773536,344,568,969,,276,12/4/23
8705795885,345,631,208,,399,8/21/25
966723139,346,791,246,,274,5/17/26
4936304948,347,535,260,,841,12/29/24
1688653724,348,722,529,,707,8/6/23
8123563442,349,225,665,,495,6/6/21
2041924020,350,760,559,,688,9/6/25
1532859570,351,455,869,,453,6/9/22
8821352323,352,482,338,,927,8/21/27
4939314375,353,359,338,5.04838E+15,947,7/24/29
1499967268,354,573,758,5.10875E+15,461,12/31/28
1709276754,355,40,246,,106,9/11/25
9177991249,356,876,200,5.10875E+15,347,1/17/22
2274051364,357,267,394,,183,4/18/27
5732152865,358,363,107,,683,11/3/27
1737712148,359,469,417,,532,11/22/23
9943242884,360,812,162,5.04837E+15,783,9/13/24
2213652171,361,97,820,,696,10/19/29
1835140580,362,343,835,,623,1/14/26
6746491749,363,235,488,,158,8/3/28
4136432992,364,463,467,,814,12/27/30
290369975,365,694,663,5.10876E+15,517,7/5/25
6286426868,366,714,558,,892,8/14/22
5466087726,367,889,410,,768,8/20/26
2502570131,368,760,383,,923,1/24/22
5374313525,369,285,246,5.04838E+15,987,8/21/23
1247777383,370,243,529,5.04837E+15,476,6/1/25
5319775989,371,798,204,,625,2/16/21
7230963737,372,579,423,5.04838E+15,167,2/26/30
6511678156,373,980,761,5.10876E+15,437,10/27/21
7294989443,374,989,125,,758,6/23/28
9645936144,375,898,257,5.10875E+15,586,6/12/23
2133064222,376,673,363,,919,10/7/30
5637068933,377,160,948,,663,11/4/28
8741509536,378,58,244,,361,5/11/28
7123369394,379,388,630,5.10875E+15,204,9/11/29
8673475961,380,385,439,,314,6/20/25
5618153351,381,466,571,,176,4/26/24
1095868233,382,638,188,,148,7/25/25
7987595950,383,73,535,,819,9/12/26
2651283452,384,823,225,5.10875E+15,241,5/22/27
1043369619,385,0,925,,113,4/22/22
8298788532,386,502,251,5.10876E+15,114,2/28/30
5436153496,387,760,894,,645,11/23/25
9504041639,388,794,850,,313,7/22/27
5930258945,389,769,451,,652,5/1/29
7723546327,390,264,248,,941,3/4/30
6985088392,391,982,818,,154,10/11/25
4647069753,392,524,887,,620,12/16/23
6423479550,393,467,142,,298,8/17/24
6220224000,394,543,574,5.04838E+15,755,9/28/23
5200187362,395,370,646,5.04837E+15,598,2/20/27
9187308584,396,982,256,5.04837E+15,571,1/6/21
5159866647,397,348,896,,899,12/1/27
9941774919,398,404,727,,414,12/18/25
5209594165,399,101,359,5.10876E+15,476,2/28/26
4799756141,400,167,347,,861,1/18/29
1385508663,401,311,915,,929,4/9/23
3123423212,402,708,709,,126,6/10/21
1403475873,403,652,888,5.04837E+15,831,8/23/21
2424673349,404,565,946,,502,11/2/28
692678050,405,271,319,,685,3/1/28
8932407622,406,53,649,5.10875E+15,777,9/29/23
8595044910,407,742,344,,179,7/2/26
2632883598,408,314,750,5.10875E+15,953,1/6/27
6444621577,409,321,797,5.04837E+15,420,7/13/22
4029850588,410,967,564,,472,7/27/23
4127609990,411,99,957,,748,10/14/25
1165663244,412,532,301,,787,5/28/27
4358930379,413,92,509,,620,6/15/23
1898253110,414,624,636,5.04837E+15,661,5/6/25
2513786033,415,764,342,,933,4/20/30
1363057847,416,274,539,,990,1/24/23
7688108152,417,885,337,5.10875E+15,338,1/14/27
1780874944,418,399,302,,862,9/3/23
8020955372,419,815,876,,124,3/26/28
5325432915,420,946,384,,969,11/12/22
9964643373,421,972,119,,883,11/27/21
6938083258,422,303,785,,122,11/6/21
1477880968,423,218,880,,378,3/21/23
1813884382,424,857,515,5.04837E+15,869,12/18/24
4913628313,425,506,965,,673,1/23/27
7658893129,426,390,797,,846,3/16/25
7768523032,427,866,123,5.04837E+15,209,12/19/26
754251640,428,21,115,,367,2/4/30
9982092634,429,351,557,,629,9/22/27
7992061012,430,943,112,,521,7/30/30
6799118937,431,719,891,5.04838E+15,408,1/3/21
1839684224,432,349,160,,406,5/15/22
1716133653,433,41,157,,703,4/3/24
2168385351,434,700,512,5.04838E+15,513,2/12/24
7233720487,435,343,703,,782,5/13/23
7100841712,436,602,580,,988,2/29/24
3738857818,437,754,102,,905,1/5/23
961393947,438,518,263,,304,8/31/27
6156400710,439,593,722,,951,5/20/24
6537064147,440,77,879,,406,7/7/29
8730073715,441,483,151,,142,8/3/25
6008480325,442,348,419,,810,3/30/28
141303077,443,662,216,,293,11/2/30
3123050572,444,631,640,5.10876E+15,683,12/27/22
2317023367,445,253,660,5.10875E+15,388,8/20/28
2414902086,446,672,922,,635,3/5/28
9976994389,447,522,514,,235,8/1/24
5625283338,448,805,109,,778,2/8/30
5239302529,449,520,262,,124,5/22/25
436966689,450,204,193,,504,4/18/28
7856541202,451,883,901,5.04837E+15,813,2/3/28
8625622070,452,547,738,,634,6/19/21
8797157155,453,624,247,,677,2/4/21
3094777260,454,896,808,,159,12/21/25
4269455160,455,577,932,,579,7/31/23
3018479300,456,816,667,,930,11/28/29
4595299923,457,621,953,5.04837E+15,789,11/2/26
1978144598,458,519,701,,199,11/29/26
4314042524,459,216,665,,104,9/23/25
3156448222,460,284,943,,486,9/1/28
7617511884,461,481,321,5.04837E+15,295,4/5/29
7547523617,462,321,919,,991,12/27/25
4063784134,463,77,275,,347,9/24/24
2656766206,464,60,999,,484,10/17/28
203345061,465,464,225,,806,11/13/26
6422827431,466,1,183,,812,1/7/27
1088318118,467,131,449,5.10875E+15,212,8/5/26
2241218634,468,9,610,,229,12/10/23
8398972777,469,947,515,,467,8/28/25
8852214852,470,380,930,,509,9/17/30
5265556273,471,63,591,,950,6/19/21
7698992993,472,467,296,,501,3/20/27
7942751171,473,598,697,,285,11/28/22
7017210336,474,67,992,5.10875E+15,958,6/3/29
1612665527,475,948,117,,948,8/23/27
1612773966,476,406,191,,315,12/6/25
7486322021,477,669,318,,186,10/25/29
5453126817,478,619,814,,571,10/29/30
8011641921,479,102,524,,698,12/22/26
2270865332,480,984,839,,168,4/28/22
8218534725,481,850,526,,675,9/30/23
1595798897,482,154,917,,780,2/3/22
7843579648,483,714,404,,866,5/12/26
5714200829,484,815,215,,274,3/19/28
1989131379,485,229,621,,811,10/3/21
174753179,486,428,519,,152,2/3/21
980360366,487,183,667,,900,2/15/21
4384096828,488,593,631,5.10875E+15,592,3/28/29
612274276,489,208,847,,886,5/31/21
8463261957,490,363,195,,201,3/27/27
3704476552,491,556,811,5.04838E+15,505,6/23/22
969503873,492,145,832,,351,9/11/30
1288021798,493,514,263,,428,7/23/23
1271790092,494,135,272,5.10875E+15,566,5/16/26
4621718452,495,778,858,5.10875E+15,265,7/8/22
5204012869,496,902,257,,350,8/18/26
59549408,497,869,967,5.04837E+15,975,7/14/30
2905346353,498,995,228,5.10875E+15,976,6/17/26
6900964206,499,42,579,,740,12/30/24
7733130190,500,166,456,,243,7/28/27
9619074777,501,584,774,,181,8/6/29
8540087510,502,265,923,,902,4/5/26
9538154703,503,514,986,5.10876E+15,952,7/9/24
2406894657,504,61,734,,128,10/4/27
3019526957,505,520,165,,572,6/27/25
2119940452,506,594,487,,272,9/3/27
2795631172,507,203,403,,696,11/5/21
9304681456,508,6,450,,136,12/24/22
8984097071,509,304,864,,295,7/25/24
8416706034,510,275,380,,115,2/6/26
2773312376,511,15,416,5.10875E+15,482,12/16/23
6335848058,512,632,187,,254,2/20/23
4730927079,513,240,286,5.10876E+15,354,4/25/29
5095455471,514,799,540,5.04837E+15,703,12/10/30
5790680755,515,252,430,,900,8/26/24
7189709266,516,647,954,,560,8/3/22
6383359495,517,836,225,5.04837E+15,479,11/14/25
8944748160,518,632,784,,147,2/3/29
6859999810,519,771,490,,960,5/8/29
6123036475,520,601,559,5.04838E+15,731,7/15/30
1259461513,521,164,288,5.10876E+15,577,12/14/29
9282851524,522,609,384,,771,10/22/29
2385965445,523,3,651,5.04838E+15,978,9/21/21
2887302043,524,222,216,5.04837E+15,289,3/5/30
6911961238,525,931,659,,351,4/7/30
3679466323,526,616,649,5.10875E+15,418,9/22/26
6407478898,527,535,394,,458,4/1/21
6816387643,528,60,829,,402,1/22/30
4063010058,529,759,788,5.10875E+15,536,7/21/29
6780044172,530,870,650,,280,10/19/29
4929958814,531,413,544,,494,5/31/28
9289604220,532,758,762,,638,8/6/23
9601184651,533,542,808,5.10876E+15,451,4/7/22
2496803176,534,810,965,,308,5/2/24
3151096999,535,140,936,,902,9/22/25
7547933947,536,817,565,,449,10/14/22
7395054830,537,285,252,,631,5/29/22
9104684753,538,819,443,,469,6/2/26
7495995432,539,845,402,,342,1/28/24
2635572321,540,218,869,5.04837E+15,991,1/22/29
751589691,541,396,725,,865,7/14/23
283507357,542,261,811,,193,4/6/29
6589283672,543,387,274,,704,9/10/30
9378340903,544,579,927,,181,9/12/28
2934565017,545,359,810,,269,12/21/26
8160134223,546,937,843,,123,8/27/22
6750474675,547,456,115,,149,11/23/29
5737340309,548,36,932,,214,4/28/28
2693413079,549,191,561,,436,11/29/26
1090286821,550,406,676,,410,9/20/26
7623901532,551,601,705,,205,7/19/29
7942294706,552,827,246,,747,9/3/25
6225966366,553,830,369,,735,5/17/23
5859193483,554,366,704,,776,7/25/25
8787043920,555,846,378,5.10876E+15,264,6/16/25
2847417613,556,350,685,,934,4/10/25
5922504924,557,303,679,,644,4/24/28
3702662820,558,38,802,,398,2/2/22
7402863670,559,971,649,5.10876E+15,984,6/11/26
1568504020,560,850,886,,179,8/26/25
372930433,561,889,839,,612,2/16/27
5738976827,562,567,185,,294,10/11/30
5241710485,563,158,575,,988,10/10/28
6920320657,564,785,648,,388,2/7/24
3889758614,565,406,133,,834,11/26/30
6955929526,566,122,884,,907,3/22/24
1717303900,567,726,559,,386,6/10/27
7651065301,568,321,762,,226,5/25/25
7822286625,569,646,878,5.04838E+15,522,5/2/23
2534501941,570,14,183,,817,1/25/30
3334134903,571,417,146,5.10876E+15,630,7/12/28
6800502987,572,821,522,,157,11/16/29
3206044057,573,928,251,,287,11/18/23
6998937261,574,255,287,,283,10/10/25
8365458284,575,428,591,5.04837E+15,365,3/9/28
8896430941,576,221,309,,736,11/18/23
193093162,577,171,332,,325,11/7/29
2334705926,578,326,433,,197,2/14/24
3493190956,579,778,827,,645,2/17/27
2934546349,580,300,724,,401,2/25/27
1333298579,581,256,813,,302,1/28/23
8683576582,582,915,121,5.10876E+15,721,11/2/23
3169712454,583,636,903,,601,12/7/26
2201501572,584,485,695,5.10876E+15,486,12/5/25
8033730951,585,391,497,,663,2/3/21
160052572,586,810,409,,187,9/28/28
1522887644,587,627,202,,480,3/13/23
2301275876,588,92,920,,435,7/1/22
2848582049,589,960,750,5.10876E+15,103,6/15/27
3361518903,590,64,494,,916,4/3/30
931622239,591,540,624,,870,6/12/26
4127489448,592,40,921,5.10875E+15,654,5/24/27
557674654,593,856,953,5.10875E+15,924,3/4/23
5854564920,594,317,298,,847,4/6/21
9399876861,595,121,478,,551,9/5/24
2035022177,596,134,309,,237,6/13/30
5635836097,597,590,142,5.04838E+15,147,11/8/25
5930382875,598,991,278,,199,12/4/29
9194398038,599,998,438,,407,12/19/28
4610362368,600,734,489,5.10876E+15,702,12/23/30
6241532219,601,393,985,,839,3/8/29
3880386218,602,179,422,,145,3/22/30
8397092188,603,198,479,5.04837E+15,535,7/14/23
8896949874,604,723,370,,803,7/11/22
2715203454,605,668,129,5.10875E+15,851,4/7/24
8544701981,606,862,953,,634,3/28/21
5295734196,607,405,485,,874,6/16/30
9938922945,608,876,592,,155,3/9/28
3737665508,609,828,152,,757,7/2/23
6639667800,610,194,753,,145,12/14/28
1079342028,611,118,930,,668,2/7/27
6545009885,612,429,932,,907,3/3/21
5462924038,613,296,625,5.10875E+15,763,9/24/25
7820719672,614,574,669,,644,11/26/25
8632980998,615,169,882,,594,8/20/26
3295837392,616,819,328,,841,3/5/21
9552677254,617,614,327,,769,10/2/23
9323720429,618,686,645,,828,2/14/26
5009778408,619,294,554,,906,5/16/28
9181372299,620,596,407,,153,10/19/21
4867777196,621,302,408,5.10875E+15,381,6/9/29
8897963463,622,478,953,5.10876E+15,955,10/1/27
1957613742,623,183,303,5.04837E+15,470,6/25/27
6246855423,624,936,399,,406,7/19/29
2955657263,625,254,123,5.10876E+15,716,5/1/26
5406131613,626,356,982,,904,4/19/22
6594888846,627,495,102,,823,12/4/21
1819267652,628,692,264,,281,11/27/22
4637669766,629,91,341,,238,7/29/25
2662323914,630,619,528,,964,3/24/26
378123793,631,698,594,,271,5/19/28
495018015,632,581,756,,240,11/23/30
4427001483,633,996,518,,446,10/29/28
2206805790,634,211,705,,510,12/4/22
6495568118,635,982,817,5.04837E+15,132,5/2/22
1627322051,636,893,682,5.04838E+15,133,12/2/26
6546070162,637,140,630,,542,8/28/29
183267028,638,518,238,5.10875E+15,848,3/31/30
6894190119,639,242,810,,236,3/16/21
9691986566,640,927,761,5.10875E+15,801,9/23/26
4929934699,641,105,515,,716,1/12/22
1537342371,642,696,817,5.04837E+15,448,1/1/28
1917678401,643,217,591,5.10876E+15,537,1/27/25
7411011045,644,902,457,5.10876E+15,372,11/2/27
5369865248,645,878,830,5.04838E+15,463,1/22/25
7779490181,646,145,224,,896,9/8/30
8563182544,647,920,169,5.10875E+15,308,11/16/30
8106282570,648,96,575,,996,12/29/29
5859131968,649,118,654,,246,3/31/21
8794891850,650,848,736,,955,6/2/27
4976639215,651,752,237,,992,8/8/22
4174872872,652,270,616,,249,4/26/24
3573420133,653,531,757,,741,2/11/28
2776109113,654,540,944,,311,12/3/30
5374394371,655,498,872,,427,9/6/29
4916186885,656,84,951,5.10876E+15,194,7/7/27
9646671934,657,418,164,,729,5/11/27
7672411519,658,692,878,5.10876E+15,680,10/25/22
7823332841,659,526,314,,792,1/19/27
6097658737,660,228,401,,395,6/24/23
7405075037,661,92,566,,507,10/12/25
2821181280,662,775,622,,613,8/31/29
2460256515,663,411,654,,333,3/11/27
291369758,664,317,925,,910,10/5/24
4688444907,665,974,515,5.04838E+15,699,8/12/21
301528470,666,988,475,5.10875E+15,403,4/26/24
8713295330,667,651,769,5.04838E+15,465,5/5/26
3972221843,668,214,380,5.04837E+15,831,7/15/28
1702314987,669,950,479,,628,2/27/22
2951539916,670,175,944,,175,2/19/25
6760908430,671,242,199,,141,5/2/24
4467493050,672,97,819,,548,7/6/23
2589157002,673,246,686,5.04837E+15,860,3/7/21
8497801628,674,413,722,,202,5/5/27
4179313510,675,530,825,,470,1/3/23
6925911718,676,892,693,,871,8/16/21
5431966677,677,100,303,,845,6/29/21
9549736407,678,753,624,,695,3/17/24
5541172772,679,517,151,,257,5/5/23
4038929639,680,850,454,,238,5/7/22
7054915976,681,721,253,,688,2/17/21
7570688392,682,164,548,,504,6/2/23
142898384,683,936,152,,113,9/3/29
3267433711,684,132,860,,326,7/9/29
924972505,685,19,236,5.04837E+15,101,5/14/21
624759059,686,76,502,,500,8/2/26
8221063959,687,887,291,5.10876E+15,171,12/31/22
3620981566,688,216,966,,188,1/31/30
8732340672,689,213,486,5.04838E+15,365,7/25/23
3145361457,690,157,346,,945,6/21/23
353261580,691,357,283,,684,9/16/28
9113166808,692,506,491,,359,7/8/21
9978421831,693,794,100,,983,10/4/23
3041782065,694,247,357,,673,7/21/22
946600686,695,409,275,,169,9/21/25
3200443375,696,580,703,,107,1/24/30
4320123425,697,250,483,,496,7/4/25
3916878409,698,749,989,,497,7/21/26
5904555695,699,0,696,5.10875E+15,907,4/25/26
5068391883,700,90,897,,105,10/21/22
5908120731,701,945,973,,155,3/5/21
9716848153,702,593,815,,869,9/10/28
4518837436,703,291,694,,601,5/16/28
5756369880,704,593,774,,625,9/19/28
7223537795,705,894,781,,980,6/28/28
3731726289,706,79,510,,273,9/13/24
930024672,707,448,778,,540,8/7/28
8469797913,708,977,502,,350,3/20/29
6226967285,709,31,334,,377,6/23/22
2881520170,710,574,510,,765,5/9/21
8561811803,711,465,360,,434,6/14/21
6940798064,712,291,204,5.10875E+15,389,1/15/27
3291328728,713,124,957,,504,7/13/22
7736162131,714,54,502,,519,12/18/21
2140750691,715,873,527,5.04838E+15,416,4/23/24
6922562798,716,912,851,,352,5/25/21
5337194755,717,136,678,5.10876E+15,179,3/2/30
7810126415,718,529,504,,657,6/17/21
5483418662,719,141,314,,416,5/1/23
1015086187,720,204,298,5.10875E+15,682,3/21/29
2538761565,721,80,607,,846,5/16/27
1894537181,722,444,823,,139,10/17/21
9491300598,723,142,626,,507,5/10/24
6367655123,724,614,711,,981,8/27/26
3067281950,725,149,612,,522,10/14/23
508821002,726,838,736,,196,8/31/28
4195956641,727,332,563,,993,7/9/24
673781267,728,779,770,,955,7/16/27
7263522896,729,207,756,,112,10/1/29
8440492529,730,556,451,,701,8/1/28
2621497535,731,89,604,,567,6/9/28
7456105391,732,347,863,,741,11/14/29
7904341492,733,489,227,,949,12/29/29
6003932155,734,804,443,,720,7/8/27
4582597416,735,644,850,,347,10/29/26
7733194105,736,191,333,,823,8/4/21
1705006582,737,420,370,,267,2/10/25
1263951899,738,571,683,,597,4/22/26
496281208,739,711,428,,369,10/31/26
1204957355,740,490,423,,312,10/8/25
4694973789,741,202,544,,401,8/15/23
680484809,742,778,249,,267,4/15/27
7826710871,743,925,370,,453,5/25/28
9547562274,744,533,861,,510,4/25/25
5001475198,745,900,331,,903,12/7/24
3468360622,746,307,569,,814,7/3/28
7054108221,747,163,549,,657,4/15/23
9678850125,748,418,123,5.04837E+15,235,2/6/21
1434337057,749,268,951,,344,2/27/30
8773910376,750,163,391,,175,7/1/24
676521096,751,965,482,5.04838E+15,929,1/10/25
7300467385,752,606,849,,716,12/11/24
6873899763,753,92,280,,149,5/25/26
1533181853,754,18,513,,261,6/15/25
3378211652,755,516,576,,903,8/8/22
6119843302,756,391,657,,167,9/15/29
3843876215,757,853,173,,434,2/4/24
8289133472,758,514,535,5.10875E+15,644,9/25/26
6109800597,759,337,625,5.04837E+15,210,11/12/28
2951364482,760,640,694,,269,6/29/21
1756683255,761,297,207,,221,2/10/28
7071540144,762,800,484,,517,4/5/21
5410174682,763,257,181,,467,4/10/29
9710858521,764,641,846,5.04837E+15,573,1/28/27
9889920034,765,62,742,,891,12/7/24
134619005,766,371,791,,682,4/29/27
6257417872,767,515,509,,378,11/24/28
1761333097,768,318,156,,624,5/12/24
4054331289,769,878,560,5.10875E+15,896,2/14/24
6703959358,770,22,966,,725,10/10/29
1658248937,771,390,350,,635,9/28/30
1949221059,772,386,367,5.10876E+15,834,10/15/27
9856860393,773,154,916,,701,1/12/27
893941549,774,621,104,5.04838E+15,724,11/3/22
7379460358,775,622,200,,921,1/31/28
7873639096,776,985,399,,613,8/13/25
4905836603,777,600,212,,192,5/16/30
4915870936,778,828,727,,295,6/5/28
3831551324,779,544,596,,807,6/11/26
2811071733,780,481,641,5.04837E+15,255,2/22/24
291409148,781,549,819,,580,1/28/28
770451454,782,189,819,,387,8/30/23
4716620077,783,288,283,,865,8/1/23
4435874008,784,457,210,,112,5/25/22
7159675576,785,669,215,,796,2/5/21
6752610010,786,971,669,5.10876E+15,849,8/16/25
8049357066,787,295,469,,935,11/27/25
6967048937,788,873,671,5.10875E+15,447,6/22/24
7851391474,789,785,699,,148,1/29/25
973387289,790,76,498,5.04838E+15,236,9/6/27
3792464527,791,23,141,5.10875E+15,915,6/11/25
1047053063,792,615,151,5.10876E+15,273,6/22/27
1733739076,793,838,715,,467,11/2/23
9272580021,794,379,670,,628,4/7/27
4965290038,795,48,219,,612,12/13/29
9925759129,796,155,414,,334,5/10/24
5254940360,797,186,825,,490,1/17/29
5891386054,798,632,617,5.04837E+15,932,1/11/29
8149514309,799,389,834,,261,10/30/24
6720679651,800,900,567,,830,3/12/21
8908495193,801,587,372,,417,1/24/28
5755371067,802,365,187,5.10875E+15,358,3/28/22
7495943580,803,390,483,5.10875E+15,293,9/2/22
7798905367,804,118,259,,998,6/24/25
6209225993,805,68,172,,438,3/15/30
2924077052,806,232,324,,667,5/11/29
2898288144,807,261,664,,499,2/11/26
7934900821,808,230,797,,346,1/17/28
762413085,809,766,498,5.04838E+15,471,9/8/28
6820317794,810,499,329,,328,1/20/25
1430368489,811,637,914,,891,3/1/27
8063062019,812,84,837,,821,7/15/29
5055788704,813,580,441,5.10875E+15,331,4/8/21
255498284,814,850,870,,795,9/9/25
5499772819,815,314,452,,303,4/15/30
8296126060,816,794,680,5.04837E+15,744,6/15/29
6628189082,817,9,959,,414,8/19/27
2941667334,818,499,753,,304,7/12/21
7900302107,819,312,473,,273,1/22/27
1641857285,820,738,205,,404,4/18/27
4870598620,821,307,640,,514,6/15/26
5730012500,822,771,387,,938,4/21/23
3315372829,823,458,315,,910,12/19/23
2063095965,824,489,358,,938,2/26/23
4397350736,825,121,164,5.04837E+15,180,10/8/30
6408319009,826,590,670,,635,3/27/25
5796837931,827,984,419,,628,5/8/30
6082004388,828,81,690,,218,3/29/29
7890709358,829,787,446,,341,1/15/22
1916880894,830,153,874,,477,11/14/22
1484251067,831,424,508,5.04838E+15,295,10/24/30
5138153447,832,114,640,5.04837E+15,417,1/27/23
6438651605,833,825,801,,868,3/8/23
5849960015,834,433,693,,734,3/14/25
4422049666,835,112,632,,307,6/5/27
955592879,836,43,603,5.04837E+15,440,3/17/25
4552183605,837,213,669,,426,4/9/27
4318986799,838,589,146,,875,5/25/22
3774885907,839,818,240,,485,1/15/25
8403721285,840,488,812,5.10876E+15,905,8/23/27
6020512762,841,413,515,,830,8/13/21
6282005531,842,664,574,,311,6/29/29
5947513250,843,218,267,5.10875E+15,999,2/25/24
1098382676,844,47,234,,964,7/18/26
4426009618,845,853,987,,421,10/28/21
6562689864,846,487,628,,316,4/2/22
8460747328,847,748,962,,900,5/7/21
9784516802,848,401,558,,875,1/11/22
2079449761,849,470,139,,840,11/6/28
5548205080,850,704,772,,111,12/4/25
9551697456,851,151,293,5.10875E+15,633,12/11/24
4472924226,852,688,834,5.10875E+15,758,7/31/21
6585573897,853,126,249,5.10876E+15,131,2/7/22
8715541274,854,770,333,,290,4/17/23
2698107782,855,108,690,,171,3/5/21
2347209108,856,508,716,,587,2/20/25
2502991218,857,825,253,,771,8/14/27
7333327841,858,901,128,,294,10/13/22
7115594902,859,811,987,5.10876E+15,794,8/14/28
3637481219,860,165,840,,588,6/20/29
8788911861,861,747,966,,340,6/26/25
5144409342,862,105,327,,613,5/31/26
9917488847,863,716,938,5.10876E+15,218,8/19/26
6654114000,864,447,772,,960,11/8/29
9688631116,865,727,716,,333,12/1/27
1813015546,866,178,861,,517,1/16/23
7243998364,867,540,393,,694,5/11/21
7255075592,868,804,767,,620,8/13/28
2252487208,869,300,451,,779,2/15/21
9109611320,870,562,937,,441,8/20/24
4971186336,871,748,676,5.04837E+15,656,7/11/25
127969314,872,681,745,,952,8/18/22
5678187546,873,423,415,,806,1/17/21
7236345008,874,105,627,,264,8/16/23
1341549658,875,575,638,,794,4/16/22
183611403,876,186,305,,495,12/21/26
7737536272,877,613,150,,171,9/30/27
3570837351,878,965,827,,311,4/27/27
8558764905,879,774,726,,904,9/11/23
1796876429,880,134,875,,161,12/26/25
5262770061,881,411,722,5.10876E+15,994,12/25/21
887801919,882,546,518,5.10875E+15,573,10/2/29
7416971993,883,106,892,,241,8/14/30
9336908561,884,104,406,,844,8/11/23
4525002344,885,514,978,,259,7/2/30
5873028389,886,252,156,,907,12/23/24
891179054,887,912,114,5.04837E+15,653,5/14/21
457961937,888,807,469,,309,8/20/29
452745233,889,475,955,,223,7/21/29
926751743,890,466,236,,911,11/30/26
1153964244,891,82,189,,769,7/13/24
3890582222,892,120,119,5.10875E+15,456,5/30/22
4769655096,893,583,513,,907,12/5/28
277415322,894,800,573,,555,9/12/29
4683164310,895,938,739,5.04837E+15,221,9/7/27
5603662832,896,545,455,,500,4/1/29
7080662729,897,243,551,,905,6/6/24
2505554390,898,957,851,,410,3/29/27
3737567352,899,282,871,,222,8/26/25
119136392,900,266,339,,825,11/19/21
8836478433,901,86,676,5.04838E+15,770,1/16/29
5814768754,902,434,803,,591,1/13/26
1235362442,903,226,140,,583,6/29/30
518865215,904,597,130,,618,3/8/30
8033238720,905,470,721,,643,10/19/25
443206198,906,400,257,5.04838E+15,706,5/31/27
8787852241,907,883,105,,310,3/14/23
9566079109,908,376,725,,332,6/17/24
9523493779,909,677,438,,100,8/24/26
102951292,910,127,103,,681,12/29/24
8882434702,911,923,427,,319,5/26/28
3293553605,912,830,224,5.04838E+15,326,9/4/28
1980083576,913,131,610,,972,10/4/28
6969311023,914,60,747,,156,1/7/21
895511037,915,415,320,5.10875E+15,638,8/15/28
3234171599,916,817,992,,725,12/12/26
6865408829,917,734,230,,149,3/17/21
1028197365,918,952,802,,338,6/4/27
9923796574,919,279,542,,544,7/21/25
8169134900,920,701,933,,316,5/23/25
8830287733,921,424,389,,860,6/8/28
8646788091,922,755,133,,694,11/25/23
1365471225,923,371,185,,179,12/10/24
6478244571,924,96,597,5.10876E+15,362,1/5/24
9292257684,925,241,834,,491,10/1/27
4227272009,926,460,558,5.04838E+15,304,1/1/30
2008303667,927,582,713,,712,2/3/30
212439650,928,986,840,5.10876E+15,254,3/19/29
4518180933,929,89,796,,300,10/31/25
6037248303,930,735,508,,227,5/21/23
4850350925,931,27,398,,487,6/30/28
7118579173,932,756,401,,541,4/13/21
1476175667,933,648,914,,662,8/10/23
6060961622,934,586,395,,529,11/9/29
3570408310,935,107,509,,370,9/7/29
4832316206,936,764,774,,450,6/23/24
1577232046,937,87,647,,586,12/5/27
8069536993,938,511,667,,346,7/2/23
2065878029,939,356,989,,335,9/10/21
2267151871,940,673,820,5.04837E+15,490,8/28/25
2203612169,941,818,406,,437,10/2/21
6343139664,942,570,416,,244,10/20/27
6546386283,943,622,884,,814,9/19/22
3504785470,944,74,396,5.04838E+15,812,1/5/25
4104453854,945,169,810,,815,3/14/28
469997990,946,204,203,,989,3/7/21
4100540434,947,494,356,,485,10/28/29
3901271554,948,386,610,,803,4/25/26
7799826541,949,341,216,,220,1/13/21
1483016439,950,226,437,,930,8/3/21
4220422692,951,251,538,,955,1/9/21
6043594684,952,675,359,,712,4/8/28
2265168068,953,499,799,,929,4/3/22
6722905454,954,76,155,,421,9/17/23
8095841137,955,37,450,5.10875E+15,641,7/24/30
8291907196,956,908,123,5.04837E+15,232,5/16/29
9757932124,957,454,999,,943,1/20/28
2033722562,958,207,367,,321,12/16/23
1931129134,959,896,481,,712,6/15/25
5228397221,960,915,629,5.04838E+15,206,9/30/28
5150726478,961,415,774,5.10875E+15,864,7/7/23
3288413221,962,374,267,,359,3/6/24
1627004572,963,258,827,,758,11/18/30
4997806919,964,375,676,,392,4/30/27
4119720519,965,245,756,,211,3/5/23
2448719446,966,833,519,,518,12/3/22
3733359976,967,702,531,5.04837E+15,913,11/21/22
5091227628,968,993,521,,147,8/29/27
4466024766,969,259,832,5.10875E+15,975,12/18/24
9128427831,970,365,665,,320,10/22/24
1427781168,971,636,828,,854,2/4/28
6036566654,972,667,639,,848,5/24/29
1649299982,973,256,262,,336,9/16/29
8619115685,974,970,257,,109,4/19/27
3521843408,975,172,317,,752,11/28/28
4394974429,976,798,293,,569,3/30/24
8784147385,977,391,893,,633,4/15/24
6304637802,978,986,393,,512,6/29/24
1522607765,979,729,527,,740,11/9/25
8010863696,980,707,236,5.10875E+15,993,8/25/28
252056337,981,349,823,5.10875E+15,933,8/3/24
6550800676,982,147,291,5.10876E+15,913,9/11/24
5734679569,983,687,460,,582,10/11/24
6647828311,984,772,644,5.04838E+15,371,7/21/27
8490427704,985,481,935,,370,10/15/26
1165648881,986,642,476,5.10876E+15,563,4/14/22
4604773912,987,207,970,,578,5/2/25
2238642374,988,85,339,,960,1/7/21
3962401245,989,144,401,,708,12/12/25
4919424523,990,175,740,,672,3/9/25
8324022961,991,324,284,,503,1/8/21
531428206,992,371,479,,287,6/15/26
5829386836,993,177,405,,218,10/1/25
99991101,994,996,218,5.10876E+15,539,2/7/28
3853922236,995,42,218,,637,9/26/22
9774158237,996,564,750,,989,5/8/24
6517030565,997,559,177,,188,7/13/23
1947262858,998,43,311,5.10876E+15,996,6/18/27
3984477082,999,372,440,,154,3/12/30
2157466452,1000,130,396,,973,6/12/25
6019533352,1001,836,102,5.04838E+15,237,11/23/29
8066154844,1002,556,386,,344,11/19/21
7596673171,1003,814,994,,158,9/12/29
247461865,1004,725,227,5.10875E+15,183,1/28/28
3423559292,1005,547,437,5.04837E+15,678,6/1/26
7510936403,1006,212,691,5.04837E+15,767,11/30/24
7604911986,1007,909,673,5.10875E+15,832,4/13/25
5513155389,1008,357,867,,443,4/4/29
1645507815,1009,63,620,5.04837E+15,822,4/15/25
1162725486,1010,214,769,,674,8/4/29
482529954,1011,945,875,5.04837E+15,316,5/11/23
575269774,1012,876,973,,297,10/12/23
8256498218,1013,149,225,,360,3/3/29
221900403,1014,285,649,,681,7/31/21
3805922086,1015,843,513,,880,8/19/23
5968680210,1016,993,607,,639,6/21/23
3526964920,1017,852,787,5.10876E+15,598,10/28/27
942945298,1018,455,778,5.10876E+15,680,2/2/26
7339207600,1019,81,612,,678,2/6/29
5424147879,1020,405,970,5.10875E+15,962,4/23/30
3023941815,1021,935,481,,447,10/5/21
4165647985,1022,592,962,,849,10/26/25
3594168751,1023,773,837,,813,9/1/29
3227496941,1024,841,971,,368,1/2/28
994988990,1025,705,335,,310,12/9/27
5386698893,1026,864,868,,609,7/12/30
3104095418,1027,535,579,5.04837E+15,842,7/18/30
2806966302,1028,86,755,,700,12/25/30
7660244078,1029,244,687,,910,12/25/28
4420657456,1030,285,933,,403,3/8/29
5408318354,1031,738,173,,750,6/25/28
7415345983,1032,201,685,,679,11/22/27
7193227092,1033,681,781,,296,3/6/29
373913788,1034,631,384,,373,11/14/30
8104016334,1035,658,445,,618,10/28/25
1036396665,1036,844,215,5.10876E+15,188,1/23/30
5195965250,1037,994,261,,626,2/20/28
4355703967,1038,120,798,5.10875E+15,548,3/3/26
2344845100,1039,936,590,,342,3/21/28
6727948623,1040,279,393,,433,2/7/28
3886400182,1041,423,945,,733,1/21/21
6629674979,1042,499,430,,794,2/19/23
1127075764,1043,723,123,,220,10/14/21
1131796098,1044,29,903,,458,2/3/29
1562470000,1045,664,714,,142,7/25/26
9467953951,1046,780,166,,657,10/22/21
5343528104,1047,285,842,,871,7/23/21
7241939115,1048,148,767,,627,1/24/22
5272547535,1049,179,319,,561,5/11/27
9770804355,1050,543,368,5.04838E+15,123,9/22/27
2152575733,1051,525,804,,392,9/30/28
1550651463,1052,821,746,,525,7/24/23
688574343,1053,282,547,,766,8/8/30
1731962347,1054,214,518,5.10876E+15,642,4/8/29
1515969819,1055,772,884,5.04838E+15,412,3/10/23
1242776257,1056,817,203,,431,11/2/22
9739087205,1057,590,550,,820,2/8/21
659638819,1058,641,419,5.10876E+15,683,9/16/21
4907748841,1059,17,428,,447,4/14/27
965631419,1060,804,226,,189,3/23/22
1040560822,1061,483,652,,430,11/3/30
3855680191,1062,690,842,5.04838E+15,169,1/15/24
6788640661,1063,698,844,5.10875E+15,315,12/20/29
8136038627,1064,523,501,,474,11/1/29
5928487002,1065,441,518,,531,3/23/22
1905294069,1066,347,849,,650,11/6/29
6772873637,1067,693,588,,246,3/22/21
8581019676,1068,624,786,,589,7/23/21
3461331546,1069,651,293,5.10876E+15,833,5/22/25
8629938684,1070,809,743,,965,12/19/30
7930276716,1071,861,617,,673,4/16/26
2743723297,1072,151,590,,336,10/30/29
6015689919,1073,725,256,,838,8/2/21
9280395475,1074,738,885,,578,4/1/22
117943630,1075,992,906,,821,6/15/22
8828256222,1076,158,961,,434,4/10/21
6804998146,1077,375,939,5.04838E+15,765,5/9/23
7420544123,1078,560,516,,231,3/14/29
4855189251,1079,408,847,,415,12/14/30
3459341424,1080,838,576,,958,1/19/21
8821959295,1081,288,563,,160,11/9/24
1327360519,1082,547,320,,361,5/6/27
5339606759,1083,540,432,,354,3/15/24
5520371385,1084,960,336,,664,10/11/28
3799649654,1085,560,757,,703,3/18/29
5918390693,1086,506,914,,234,4/2/24
5964784658,1087,308,412,,801,8/16/23
4142407716,1088,482,411,,776,1/31/23
4447751798,1089,741,390,5.10876E+15,369,4/27/25
3037241047,1090,970,871,,300,10/25/30
4503111116,1091,678,931,,361,7/18/27
8541709140,1092,524,179,,389,1/25/30
7302293341,1093,471,440,,219,5/23/24
3649907593,1094,262,100,5.10876E+15,694,10/22/26
2509060856,1095,611,162,,557,5/18/22
2231208660,1096,946,190,5.04837E+15,243,8/9/23
8152717916,1097,943,381,,200,2/23/28
8610021734,1098,535,981,,227,8/8/29
6442533840,1099,57,567,,979,3/3/30
4170798937,1100,920,972,,299,11/1/26
9043566438,1101,590,491,,954,7/28/27
958510954,1102,599,631,,244,12/16/22
2645447945,1103,902,706,,820,4/8/21
132378647,1104,140,915,,497,4/1/21
8920086982,1105,296,523,,589,9/30/25
7414580547,1106,46,120,5.10875E+15,528,1/5/21
7495674385,1107,894,616,5.10876E+15,540,2/5/28
3193016357,1108,634,467,,196,7/2/29
2510644025,1109,451,929,,563,6/18/29
7213232606,1110,590,636,5.04838E+15,232,3/17/21
7268838638,1111,122,532,,710,11/7/28
9680033783,1112,732,431,,465,9/8/27
3313029132,1113,620,923,,300,9/10/26
7878509344,1114,355,391,5.04837E+15,702,4/12/30
3260487638,1115,378,594,,945,3/23/24
3241706230,1116,884,190,,554,2/25/25
6560251381,1117,650,333,,452,1/26/30
613993896,1118,261,955,5.04837E+15,543,2/14/25
9367611900,1119,506,169,,409,8/28/23
3666232159,1120,98,415,,496,6/28/21
9540544653,1121,160,949,5.10875E+15,406,12/30/30
3108178563,1122,144,795,,697,8/7/24
6156764771,1123,537,753,,353,10/2/22
1211508064,1124,495,846,5.10876E+15,114,12/26/21
6687905929,1125,155,834,,855,3/15/23
1266635335,1126,931,661,5.10875E+15,526,2/3/30
9033729857,1127,268,365,,394,8/1/29
8077768938,1128,876,928,,617,5/4/28
4196389457,1129,152,494,5.04837E+15,409,12/29/25
3777970484,1130,915,310,,553,11/6/28
8375831883,1131,892,393,,657,2/27/24
1334681066,1132,433,948,5.04837E+15,656,6/8/23
9338287858,1133,689,300,,901,11/18/27
9589400892,1134,558,773,5.10875E+15,870,12/1/28
8246347330,1135,347,948,5.04838E+15,160,8/15/30
9201339992,1136,625,501,5.04838E+15,477,3/18/30
4456247789,1137,838,501,,765,3/22/21
4079356072,1138,564,857,5.04837E+15,997,2/21/26
3903385123,1139,594,585,5.04837E+15,406,3/8/21
5551745562,1140,259,429,5.04838E+15,750,7/21/22
2780087196,1141,659,901,,165,3/12/28
2441318349,1142,684,891,,310,12/9/25
15081559,1143,995,447,,599,1/20/21
2918491055,1144,814,169,,807,5/29/30
613535952,1145,919,541,,472,3/7/23
5189749924,1146,235,185,5.10875E+15,893,11/21/21
4387921226,1147,554,659,,344,8/12/22
177289023,1148,349,322,,616,11/22/30
7789098055,1149,192,802,,933,2/13/26
3562705107,1150,505,183,,629,10/11/21
3413790315,1151,306,488,,461,2/23/28
6672753168,1152,219,562,,335,3/19/24
8658627314,1153,190,210,,752,10/9/25
766467570,1154,59,951,,746,7/22/23
5176014033,1155,745,776,5.04837E+15,148,2/6/26
3636551329,1156,477,556,5.10876E+15,120,1/5/26
8464805071,1157,138,924,,255,5/14/26
6276949507,1158,85,810,5.04837E+15,961,10/20/23
3884923277,1159,57,394,,209,8/12/25
3089722402,1160,293,453,,765,8/5/21
740989960,1161,651,264,,339,11/1/29
6939945954,1162,828,967,,310,5/18/24
9054251441,1163,570,537,,216,4/17/29
5230358416,1164,916,394,,243,6/27/22
7455500319,1165,687,731,,316,4/9/21
7617776500,1166,785,357,5.10876E+15,777,8/24/28
6809755152,1167,63,579,,415,10/28/23
8815543155,1168,56,555,,474,12/23/30
4547229791,1169,416,754,,702,7/28/30
4631473533,1170,169,830,5.10875E+15,573,5/25/27
7186221912,1171,189,739,,870,12/12/27
133749207,1172,122,877,,170,4/22/28
4652597290,1173,223,341,5.10876E+15,381,6/5/27
4619996041,1174,713,380,,439,3/2/28
3085912983,1175,977,352,,572,3/31/26
214915689,1176,863,326,,383,12/7/24
6944743434,1177,756,979,,443,2/17/29
5660170366,1178,60,831,,487,11/25/29
334574870,1179,499,961,,712,10/12/23
1952332702,1180,33,868,,654,2/24/27
7747140614,1181,86,902,,368,10/3/26
4812871719,1182,540,422,,824,7/11/23
6430643573,1183,520,612,5.04838E+15,203,2/10/28
6677259617,1184,728,613,5.04838E+15,529,8/4/30
3546482131,1185,61,782,,976,2/4/29
3344646389,1186,197,491,,489,3/11/28
130188794,1187,379,350,,169,3/18/24
3821304952,1188,645,619,,737,1/22/21
9850741570,1189,966,585,,105,10/5/21
989662500,1190,394,577,5.04837E+15,627,10/17/30
3565195568,1191,22,497,,381,8/14/22
8629888253,1192,339,955,,929,6/5/27
5732969055,1193,330,837,5.10876E+15,608,6/9/21
723000840,1194,265,513,,956,10/17/26
6841140494,1195,716,463,,928,6/16/24
8392792793,1196,390,341,,799,1/3/21
3732832201,1197,769,910,5.10875E+15,718,9/19/26
6430254240,1198,114,314,,420,11/5/21
5560776432,1199,260,184,,411,7/15/21
3651595617,1200,385,868,5.10875E+15,213,10/2/27
1855191342,1201,290,372,5.10875E+15,677,1/15/22
2773169557,1202,845,186,,403,10/13/29
4170433246,1203,724,399,5.04838E+15,590,10/2/27
2364006619,1204,849,921,,188,1/15/29
9519363009,1205,424,175,,150,6/7/22
9627154903,1206,780,355,5.10875E+15,404,7/11/25
4693312797,1207,135,470,5.10875E+15,599,2/25/28
537378375,1208,330,413,,747,1/1/28
7937483571,1209,36,948,,325,11/19/27
3596540771,1210,172,537,,966,2/11/28
8342881210,1211,409,255,,293,11/26/30
1026620406,1212,516,718,,334,5/27/22
6197997800,1213,789,257,5.10876E+15,569,4/26/26
5026551351,1214,661,482,,723,3/15/26
265622298,1215,971,416,,708,5/3/24
4417966230,1216,276,741,,118,1/3/27
6423025533,1217,509,760,5.04838E+15,759,1/25/24
6293376277,1218,85,644,,837,7/3/25
5003792611,1219,811,522,,408,10/19/30
414676114,1220,567,108,,306,3/31/26
8074381153,1221,941,521,,130,7/21/29
1092671153,1222,532,749,,820,8/14/25
6803441555,1223,360,476,,680,4/1/30
1818279886,1224,600,923,5.10876E+15,487,8/2/29
9607411854,1225,68,338,,271,9/10/30
333144767,1226,903,472,,507,9/16/28
801902967,1227,934,778,,864,3/14/25
8047976699,1228,809,796,5.10875E+15,338,7/16/25
5668874567,1229,541,632,5.04838E+15,961,9/7/24
3231291127,1230,672,234,5.04837E+15,392,7/8/25
3147096831,1231,161,546,,694,6/9/30
1883010640,1232,728,572,,613,2/5/24
4697859839,1233,254,844,,254,3/12/25
5495183398,1234,957,806,,455,9/26/29
9747179962,1235,606,239,,340,4/11/27
6945208826,1236,610,235,,557,3/14/28
6662217832,1237,622,660,5.10876E+15,189,3/21/21
4858396754,1238,205,714,,384,4/20/28
4249394662,1239,636,912,,531,4/5/21
7767086542,1240,904,566,,447,7/31/21
8152422819,1241,402,230,,732,7/17/26
9093816446,1242,209,817,,156,2/21/26
8506388589,1243,573,475,5.04838E+15,214,9/27/30
2642186741,1244,833,123,,960,6/26/29
1316461998,1245,685,399,,790,3/4/25
2970182750,1246,968,229,,514,3/27/23
1735663247,1247,583,176,,566,4/26/28
5413363257,1248,116,917,,997,9/24/27
546762077,1249,823,374,,789,5/5/26
2155913850,1250,455,407,5.10875E+15,454,5/14/21
4299309294,1251,816,348,,828,5/5/27
1730117430,1252,301,330,,872,2/2/21
8065830625,1253,163,792,,410,4/27/26
9827646672,1254,573,892,5.10876E+15,240,11/19/30
5460054052,1255,867,280,,290,5/22/25
506998886,1256,360,568,5.04838E+15,252,7/20/27
1250403553,1257,849,802,,902,4/19/23
6295561209,1258,754,390,,270,8/5/24
6024227744,1259,512,165,,796,6/13/22
2243488396,1260,529,904,5.04838E+15,113,1/20/26
2482292077,1261,960,870,,301,1/15/26
1602411913,1262,455,698,,296,4/13/29
6920967626,1263,241,116,5.10875E+15,648,7/7/22
2739695861,1264,58,652,5.04837E+15,680,2/23/22
1908754389,1265,412,597,5.04838E+15,765,6/18/23
9736571475,1266,324,453,,844,2/29/24
1000664376,1267,844,745,,354,11/15/27
2828779017,1268,251,183,5.04837E+15,406,5/7/26
566946408,1269,972,351,,495,10/18/30
2132178038,1270,283,904,,214,3/20/25
8758727787,1271,817,198,,471,7/18/25
2526620953,1272,143,269,,253,9/12/26
27126722,1273,877,225,,368,8/5/29
1958742848,1274,875,283,,499,4/23/26
1683198867,1275,54,386,5.04837E+15,163,1/24/28
6686443670,1276,677,619,5.04837E+15,402,4/13/23
4572031983,1277,82,162,,264,3/31/26
11060727,1278,433,399,,760,11/19/27
7969204724,1279,36,619,,844,7/22/23
1809736366,1280,862,644,,625,11/20/22
5637606684,1281,992,919,,582,8/11/30
6547228207,1282,724,311,,642,2/7/28
6908939936,1283,748,288,,104,8/13/29
1433525496,1284,819,352,,891,9/21/28
2190217156,1285,362,810,5.04838E+15,286,11/12/22
9653110551,1286,386,310,,420,9/17/21
987995553,1287,325,165,,244,10/24/23
221774599,1288,123,595,,770,12/15/24
7744900049,1289,228,550,5.04837E+15,274,11/30/23
8810589149,1290,8,256,,582,12/6/24
8520262694,1291,132,259,5.04838E+15,109,7/21/24
6238497742,1292,254,304,,347,5/16/23
236090984,1293,200,891,,766,2/14/29
7135433491,1294,141,823,,644,12/1/27
2366542771,1295,187,762,,256,6/30/21
2164034112,1296,897,176,,687,11/3/23
8285581993,1297,180,603,,539,9/2/26
5059346919,1298,212,207,5.04837E+15,253,4/6/30
8912263900,1299,171,233,5.10876E+15,990,12/10/23
9346792566,1300,911,667,,464,10/7/30
4018092571,1301,740,657,5.10875E+15,637,4/12/26
2044722763,1302,919,396,,836,9/24/28
6107636153,1303,121,952,5.04838E+15,365,2/19/27
4940459470,1304,243,212,5.10875E+15,616,3/28/21
902022571,1305,397,793,,835,2/4/25
9920302694,1306,451,186,,618,4/29/29
6260431287,1307,324,249,,583,6/18/30
5925336402,1308,438,820,5.10876E+15,803,3/19/24
4134916747,1309,754,235,,423,12/27/30
8450522161,1310,262,484,,873,7/27/26
722750226,1311,643,346,5.10875E+15,207,10/19/23
6804764188,1312,906,735,,735,6/2/26
7557030125,1313,331,380,,411,9/26/30
2708125966,1314,717,128,,960,9/24/22
415937655,1315,896,461,,496,1/2/26
9980946148,1316,15,113,5.04838E+15,831,7/17/21
5817958325,1317,982,357,,119,6/17/21
3420426828,1318,922,302,,170,9/22/24
7440049004,1319,422,372,,218,11/22/22
5195727848,1320,698,661,5.10875E+15,429,10/12/22
8784598670,1321,568,298,,742,12/11/25
2004378735,1322,136,262,,865,1/23/28
6453429861,1323,915,402,5.04837E+15,235,4/5/25
1476566348,1324,255,410,,436,4/30/23
2807930115,1325,861,605,,960,6/7/27
9353536952,1326,823,980,,436,12/30/25
9513765857,1327,532,650,5.04838E+15,568,10/9/29
3597908276,1328,205,137,5.10875E+15,636,2/18/27
3643763557,1329,272,126,5.10875E+15,231,8/3/23
6578423532,1330,803,482,5.10875E+15,582,10/6/24
7472267449,1331,453,547,,624,5/29/26
3649334178,1332,757,868,5.10876E+15,262,3/31/25
6580719869,1333,239,195,,261,9/10/24
3765135704,1334,25,227,5.10876E+15,146,9/30/26
4713855103,1335,383,500,,365,4/14/30
8768797087,1336,793,588,,300,4/21/27
8596231056,1337,567,255,,157,3/18/21
8321975062,1338,455,907,5.10875E+15,754,12/25/27
5144901786,1339,560,717,5.04838E+15,610,9/4/21
6116521509,1340,408,787,,529,12/14/30
2894105193,1341,912,376,,950,4/19/21
4019628521,1342,955,575,,470,7/14/25
7576847948,1343,770,595,5.10875E+15,931,2/3/29
9286774443,1344,809,892,,578,7/9/26
7177014837,1345,101,678,5.04837E+15,410,3/31/21
5836236518,1346,967,747,,601,9/30/30
9501036200,1347,678,190,,539,8/9/25
3343525502,1348,298,752,,431,6/24/23
1000391213,1349,185,330,,818,11/14/21
117894206,1350,828,829,,489,8/14/23
3968559479,1351,26,257,,323,12/13/27
7345862194,1352,7,715,5.04838E+15,652,1/11/21
2804450503,1353,123,440,,145,1/3/29
148073662,1354,404,305,,174,8/12/22
5101013714,1355,613,674,,992,2/10/24
2057132129,1356,17,863,5.04837E+15,737,12/6/25
9165985486,1357,972,655,,363,12/20/26
374012466,1358,384,352,,234,9/8/28
5165129144,1359,230,686,,766,2/25/22
1186703997,1360,609,214,,710,9/26/23
9638143320,1361,426,549,5.10875E+15,179,6/4/23
7256078307,1362,520,674,5.04838E+15,811,7/15/28
7530890786,1363,498,696,5.04837E+15,459,1/28/23
4014608360,1364,656,322,,224,1/4/26
2807246745,1365,220,943,5.10875E+15,358,7/12/27
3734230616,1366,659,970,,882,4/18/22
1495917029,1367,38,625,5.10875E+15,549,2/17/23
4954659000,1368,188,661,5.04838E+15,107,2/9/22
7378012947,1369,925,629,5.10875E+15,154,8/12/25
4419880678,1370,749,249,,775,6/29/23
4480520538,1371,823,523,,279,9/23/30
1391107209,1372,678,616,,854,10/26/29
5128197913,1373,890,501,5.04838E+15,665,3/17/25
5205757795,1374,125,941,,160,4/18/25
1104742861,1375,22,208,,935,8/21/26
2112217186,1376,558,461,,862,8/22/24
3566366846,1377,694,747,,118,12/11/29
8383035772,1378,213,429,,771,1/10/28
7739902772,1379,433,429,,263,4/17/25
5422227034,1380,701,996,,882,9/22/29
7393219220,1381,551,453,,535,10/2/22
5222366502,1382,254,970,5.04837E+15,680,4/13/23
7979457552,1383,699,168,,941,7/14/27
130022799,1384,440,220,,712,9/13/29
7122422992,1385,775,126,,466,2/12/30
9745380229,1386,245,149,5.04838E+15,922,12/28/26
1689041722,1387,415,201,,138,8/10/30
3508256502,1388,423,241,,165,11/29/29
1090804784,1389,609,359,,120,3/20/21
4338297409,1390,896,787,5.10875E+15,282,6/8/24
8652899762,1391,320,822,,126,4/7/21
7137396933,1392,58,978,,611,11/27/29
8543222338,1393,191,119,5.10876E+15,592,10/28/21
8747089245,1394,665,685,,666,3/25/26
5514862488,1395,204,343,5.04838E+15,317,10/9/29
7927511408,1396,313,385,,704,10/17/29
2747524698,1397,214,836,,537,6/19/28
7834713361,1398,446,135,,930,1/29/28
7846747398,1399,469,114,,779,6/21/24
6548565304,1400,768,493,,367,7/18/24
9636268924,1401,182,525,,430,8/21/24
7054119681,1402,242,599,,740,11/25/25
886870739,1403,978,579,,879,2/17/21
3699234509,1404,979,287,,381,1/21/28
9899140937,1405,670,126,,707,9/11/25
1927656907,1406,286,576,,180,4/16/21
4159659470,1407,824,863,5.10876E+15,945,8/1/25
3048898204,1408,224,918,,110,3/4/25
4996270152,1409,118,414,,607,11/26/24
3402390868,1410,679,267,,343,12/4/27
1596938420,1411,83,240,5.04838E+15,619,2/15/24
627334393,1412,469,851,,520,5/30/26
3260095438,1413,613,450,5.10875E+15,565,10/30/30
8147221517,1414,300,871,,596,7/25/21
1745162313,1415,958,481,,403,12/5/23
9054471093,1416,556,329,,740,3/17/21
6034689651,1417,747,326,,137,7/16/25
3351011571,1418,191,468,,933,2/26/25
2481900855,1419,914,862,,550,11/23/24
3937566236,1420,547,301,,287,4/29/23
1949147932,1421,410,636,5.10875E+15,761,2/8/22
348939868,1422,692,757,,243,11/23/26
6843569269,1423,454,976,5.10875E+15,695,11/16/22
8237686632,1424,331,827,,909,5/11/28
3499869675,1425,365,317,,997,5/19/29
5283554600,1426,656,777,5.10876E+15,122,10/9/21
5025306574,1427,705,195,,519,11/28/26
4972490640,1428,348,251,,169,2/25/29
4298035891,1429,431,332,,650,4/28/30
8259334712,1430,116,663,,139,12/23/28
2360902954,1431,76,836,,141,6/13/23
6628993892,1432,389,404,5.10876E+15,657,1/15/26
8246508709,1433,352,523,,898,12/10/30
9445207742,1434,599,944,,731,4/26/24
9410672228,1435,182,662,,884,11/12/21
2864516071,1436,554,955,,557,6/5/30
5583850833,1437,750,875,,836,12/19/23
6252487317,1438,552,194,,879,11/19/27
7385474500,1439,384,450,,456,3/3/28
7917939405,1440,526,922,,543,7/29/24
9048475600,1441,825,941,,270,6/25/28
9054725605,1442,636,431,5.04837E+15,833,6/9/23
4792553229,1443,504,230,,590,3/25/28
6762542166,1444,358,690,,595,4/11/24
9296587352,1445,979,406,,262,7/17/26
4711472878,1446,23,402,,524,10/5/28
496249908,1447,865,653,5.04838E+15,457,11/4/27
5105799143,1448,362,269,,653,10/10/22
2139022254,1449,526,185,5.04837E+15,487,9/28/28
56006217,1450,406,643,5.10876E+15,740,3/7/30
8815374620,1451,751,477,,166,5/17/21
1287998917,1452,350,900,,434,2/16/30
3616111803,1453,861,161,,300,12/6/29
5280108952,1454,733,407,,555,7/20/29
4175368140,1455,961,450,,599,10/15/29
31710271,1456,834,191,,837,1/16/22
9707005866,1457,181,778,5.10875E+15,830,6/12/29
7122948722,1458,260,119,,853,10/26/24
3965918885,1459,329,407,,141,9/7/23
1221358901,1460,470,558,,294,8/31/21
7813580516,1461,961,777,,656,5/18/29
8022698644,1462,114,443,,518,12/13/24
8972833746,1463,771,539,5.10876E+15,322,3/29/24
7237063839,1464,565,414,5.04838E+15,803,11/29/30
925969540,1465,602,195,,661,10/31/21
5217074760,1466,0,986,,544,10/3/27
9306863004,1467,327,427,5.04838E+15,231,7/14/29
7096427740,1468,570,259,,106,7/15/21
7122448134,1469,441,290,,443,4/11/29
8441595127,1470,30,206,,556,1/30/26
3162798361,1471,179,201,,838,8/9/21
462308820,1472,933,650,5.10876E+15,403,2/1/23
6692193486,1473,208,551,,701,5/20/25
295824174,1474,72,756,,319,4/30/23
393548627,1475,738,507,,744,7/24/24
9257004651,1476,934,580,5.10875E+15,178,9/24/30
1914568060,1477,318,285,,925,12/9/30
5311694033,1478,463,104,,244,5/25/25
922077711,1479,117,372,5.10875E+15,506,3/29/26
2036531490,1480,404,245,,451,1/22/24
670308609,1481,724,944,,513,3/20/26
6363004829,1482,730,991,,506,3/29/27
4589043238,1483,686,690,,865,12/22/24
338647295,1484,871,483,5.10875E+15,733,9/25/28
4649798507,1485,219,634,5.04838E+15,458,6/18/22
5183869111,1486,857,509,,180,10/28/22
59187646,1487,400,578,,718,6/12/22
9138455072,1488,540,736,,208,5/12/25
6605370678,1489,822,940,,155,7/1/25
90314875,1490,918,442,,859,10/8/29
2359916769,1491,480,926,5.10876E+15,127,3/27/30
6642691768,1492,295,740,5.04837E+15,217,3/25/28
145814076,1493,483,240,,810,11/10/28
4726631977,1494,789,334,,500,9/29/24
2751342620,1495,773,193,,842,8/14/21
2248498179,1496,724,744,5.10875E+15,838,9/2/25
5800400539,1497,431,894,5.04838E+15,448,9/2/26
1616907274,1498,561,857,,549,3/28/24
6106482713,1499,951,207,,523,1/31/28
2378943105,1500,159,159,,355,2/24/29
6873222119,1501,696,754,5.04838E+15,752,2/24/29
4766862244,1502,922,227,,309,3/17/27
9505059590,1503,378,186,5.04837E+15,850,11/5/24
4361283079,1504,407,982,,150,8/17/21
4515154222,1505,959,730,5.10875E+15,284,1/13/29
34657991,1506,701,873,,807,1/9/24
5873017115,1507,613,214,,201,4/16/27
121384616,1508,817,418,,275,7/28/21
4738751042,1509,236,887,,270,12/29/30
8235481855,1510,162,827,,344,5/6/28
879235969,1511,941,534,,879,8/23/29
483399221,1512,805,870,5.10876E+15,904,9/16/28
7422364955,1513,997,789,,737,2/28/22
5323484896,1514,315,594,,795,11/1/23
32177291,1515,58,718,5.04838E+15,153,9/28/24
4287562690,1516,274,429,,750,7/20/30
2736695844,1517,491,304,5.04838E+15,379,5/1/21
8850308698,1518,765,903,,928,12/7/27
4514801011,1519,184,558,5.04837E+15,124,3/20/21
8851306249,1520,755,750,5.10876E+15,723,7/21/26
9210400852,1521,557,767,5.04837E+15,926,11/23/27
6736520711,1522,10,436,,405,6/20/21
4618220287,1523,343,882,,658,1/11/22
5183159432,1524,629,830,,340,4/19/27
1601084811,1525,355,302,5.04838E+15,961,12/19/30
6063298673,1526,108,473,,395,1/1/25
6787797974,1527,725,718,5.10876E+15,854,5/2/29
7598353743,1528,693,782,5.04837E+15,172,6/30/21
9317633358,1529,458,758,5.10875E+15,966,2/8/22
19242433,1530,231,593,,942,11/15/27
2087365695,1531,806,868,,284,4/10/21
5496263662,1532,370,656,,769,11/10/24
6488881027,1533,528,698,5.10875E+15,651,11/13/28
5251233744,1534,487,664,,474,8/20/23
274994569,1535,211,887,,108,2/13/27
7659092936,1536,548,125,5.10876E+15,125,11/13/28
933937784,1537,68,411,,924,6/5/21
4011668559,1538,949,964,,988,12/12/28
7275871998,1539,181,189,5.10876E+15,830,4/1/24
750818476,1540,754,703,,384,10/25/25
7367760785,1541,337,970,,961,6/9/29
88245772,1542,682,644,,808,5/14/23
3707073327,1543,214,194,,780,3/13/22
8707303084,1544,749,517,5.04837E+15,524,8/25/28
8834293401,1545,856,854,,186,5/27/21
6219885260,1546,411,474,,239,3/5/21
3683804270,1547,899,426,,182,5/30/25
5940245927,1548,194,502,,376,10/21/22
8313282592,1549,915,688,,711,5/20/21
494768312,1550,163,553,,481,10/17/29
9922313642,1551,912,241,,125,2/16/29
2907837524,1552,896,762,,759,7/12/21
3131714239,1553,336,223,5.04838E+15,309,9/14/28
1772271535,1554,979,587,,529,8/22/24
5769560916,1555,513,485,,941,4/7/29
4819372459,1556,366,871,,274,12/25/28
4292295069,1557,628,625,,757,12/25/26
1741061474,1558,517,525,,906,11/27/30
436555212,1559,400,150,,153,12/12/27
4427115896,1560,279,609,,419,8/30/26
1972757385,1561,102,827,,387,2/21/29
4990022009,1562,866,581,,709,5/30/29
3584152224,1563,259,786,5.04838E+15,253,3/20/22
786235683,1564,85,177,,296,12/23/25
8296373076,1565,864,926,,444,11/13/21
4309139817,1566,761,914,5.04837E+15,669,5/8/22
3654140602,1567,2,190,5.04837E+15,143,12/11/24
2345083239,1568,295,162,,635,2/19/29
1248454197,1569,388,192,,394,11/25/21
9279451006,1570,121,995,,182,3/11/27
9975490220,1571,53,295,,357,2/1/30
3425705172,1572,608,502,,225,6/7/26
3857087153,1573,208,493,,759,10/18/29
1181990432,1574,67,199,,737,3/7/29
3798711402,1575,154,207,,582,10/16/27
7096936785,1576,439,239,,941,1/16/25
9257491366,1577,472,639,,809,12/8/23
4614041477,1578,580,523,5.10875E+15,147,11/13/28
6768559141,1579,740,575,,102,11/26/21
1789344409,1580,468,816,,702,5/30/26
3178028455,1581,34,437,,526,5/8/25
8998227320,1582,125,544,,834,7/25/25
6634361924,1583,51,559,5.04837E+15,963,9/20/23
4728295761,1584,927,707,,738,6/8/26
9437349037,1585,506,810,,688,11/10/21
5944128755,1586,275,343,,139,8/21/23
1816457396,1587,12,251,,259,11/21/26
3516379480,1588,832,540,5.04837E+15,591,6/24/24
8481709166,1589,791,939,,545,7/27/26
8391229866,1590,833,856,,234,3/22/26
5953071930,1591,105,786,,409,12/24/30
9457840747,1592,377,611,5.04837E+15,705,5/17/28
5009635402,1593,714,306,,861,10/4/28
2426282177,1594,302,141,,715,5/16/22
6053116548,1595,139,474,,492,11/13/25
2204269697,1596,185,394,,843,7/4/23
6462654406,1597,981,868,,252,10/17/26
6860529415,1598,325,508,,825,3/16/24
6537564328,1599,435,831,,214,6/25/21
3213791067,1600,953,508,5.04838E+15,710,4/21/29
2336990679,1601,704,796,,761,1/10/23
8803998470,1602,578,901,,816,5/15/23
3151425577,1603,140,964,,110,10/30/25
3512293832,1604,643,599,,289,6/28/30
2268404455,1605,946,545,,740,6/8/24
9001770975,1606,593,581,5.04838E+15,820,12/16/28
4863006438,1607,455,487,5.10875E+15,495,8/28/26
4991149142,1608,208,995,5.04837E+15,264,6/6/25
3886053849,1609,975,831,,607,7/14/23
9767468870,1610,711,566,,110,5/24/28
338310193,1611,988,734,,375,6/10/25
7694332441,1612,564,496,,223,6/15/25
5063697097,1613,403,104,,566,10/8/29
4978997925,1614,442,309,,723,10/24/29
6183086495,1615,172,807,,831,10/9/23
1000168115,1616,313,627,5.10875E+15,517,2/2/29
8838045437,1617,415,374,,297,8/7/24
1194986498,1618,746,791,,676,8/15/22
3903057517,1619,738,583,5.04838E+15,646,3/10/22
4117260081,1620,57,287,,224,2/8/25
8465189234,1621,391,326,,405,8/12/24
5251845308,1622,924,748,,310,7/24/27
344663078,1623,821,700,5.04838E+15,877,4/20/25
2086316925,1624,381,114,,264,1/9/23
1879460912,1625,996,812,,651,7/4/23
3729129724,1626,446,640,5.10875E+15,155,12/22/24
6953294620,1627,421,649,,458,11/16/25
9588627575,1628,655,631,,962,12/2/23
4735909397,1629,94,343,,204,11/22/23
7258566112,1630,703,524,,124,6/23/28
3182976192,1631,691,758,,642,11/23/30
89195248,1632,93,640,,957,8/8/26
7137339697,1633,315,960,,564,8/28/23
4848835127,1634,125,265,,192,2/21/21
9578125011,1635,5,834,,621,7/13/27
9630573040,1636,438,191,,243,11/3/28
8617835303,1637,886,973,5.10875E+15,896,11/4/23
4895610179,1638,913,631,5.10875E+15,521,4/20/23
3891554710,1639,417,866,,629,2/12/26
5042523715,1640,995,923,,859,3/26/29
838780563,1641,812,836,5.10875E+15,405,8/14/28
6090331643,1642,176,648,5.10876E+15,193,7/2/30
8761499722,1643,391,857,5.04837E+15,982,10/28/29
9252862331,1644,876,147,,882,7/25/28
398004161,1645,732,132,,926,6/19/25
7423047805,1646,100,281,,280,4/2/25
1841894621,1647,897,576,,980,11/12/24
8617873590,1648,767,948,,161,10/22/28
2347186639,1649,689,376,,704,10/6/25
7120436813,1650,35,403,,620,12/13/27
6880042279,1651,815,251,,777,1/31/29
1005215286,1652,156,311,5.10876E+15,614,1/14/26
3334323099,1653,362,496,5.04837E+15,305,9/1/25
5482069680,1654,512,278,5.10875E+15,705,4/29/26
7358210573,1655,583,944,,238,11/29/22
1381051936,1656,912,695,,973,6/24/29
4114333444,1657,656,237,,648,12/30/21
1113554762,1658,272,478,5.10876E+15,396,3/11/28
5596661643,1659,700,679,,851,4/8/27
8560096310,1660,199,789,5.10876E+15,120,8/15/22
5940717411,1661,639,891,,536,5/8/29
647167611,1662,643,328,5.10876E+15,181,4/25/22
7781946588,1663,614,705,,510,12/10/23
966132289,1664,270,460,5.04838E+15,261,4/5/23
2350666778,1665,707,911,,543,10/1/29
9208672530,1666,349,985,,741,9/8/23
817068384,1667,627,694,5.04837E+15,140,10/13/21
956394922,1668,580,251,,862,4/18/28
6047749658,1669,820,702,,692,8/18/21
307768317,1670,994,871,,111,7/4/26
8592255228,1671,363,881,,127,9/21/24
4942318203,1672,581,905,5.04837E+15,560,3/24/25
6119496017,1673,616,202,,514,3/1/24
6429706192,1674,619,266,5.10875E+15,974,5/20/23
9550196372,1675,143,646,,161,6/13/26
9657869803,1676,112,150,5.10875E+15,144,4/14/26
8907221774,1677,954,467,,794,11/6/26
7867993134,1678,875,516,,373,6/12/24
7064387255,1679,839,990,5.10875E+15,396,7/11/25
7573724411,1680,515,112,,740,2/16/26
4849147992,1681,251,765,,415,5/29/25
9643766225,1682,302,980,,211,12/25/22
478571623,1683,931,372,5.04838E+15,437,6/5/28
5808350395,1684,285,777,,996,7/6/27
2773445228,1685,582,956,5.04837E+15,729,11/13/25
3947772882,1686,941,557,,545,2/20/29
2540488706,1687,736,727,5.04838E+15,897,1/5/28
2940380376,1688,624,740,,498,9/15/24
7460160598,1689,695,782,5.04838E+15,805,8/20/23
4612597664,1690,90,373,,793,12/2/29
1069769983,1691,794,407,,309,10/5/27
9423599281,1692,24,592,,238,7/8/26
4142554743,1693,120,364,,946,12/24/23
8554583477,1694,653,960,5.10876E+15,368,7/16/23
3993295609,1695,852,676,,854,4/14/28
6577472041,1696,32,294,,332,12/17/24
124526241,1697,589,729,,869,10/5/23
2017636967,1698,663,440,,976,8/1/28
1587902036,1699,202,204,5.04838E+15,780,8/11/26
5059677087,1700,718,914,5.10875E+15,915,7/15/22
3397319,1701,412,343,,734,10/4/27
9475853510,1702,267,662,,220,2/26/28
3761528612,1703,364,551,5.10876E+15,423,5/30/24
225604523,1704,285,175,,797,10/16/24
9128882814,1705,176,595,5.04837E+15,994,5/9/30
4983397981,1706,936,526,,784,5/21/24
8648047536,1707,887,420,5.04837E+15,128,1/7/21
7323667550,1708,664,209,,222,8/3/27
5515249100,1709,474,699,5.04838E+15,284,7/23/29
3294469012,1710,137,141,,244,6/17/28
5147841350,1711,399,905,,851,6/30/29
6784025601,1712,22,733,5.04837E+15,191,9/8/27
4169883918,1713,457,102,,630,10/5/29
9659566867,1714,905,310,,591,9/9/21
2554871833,1715,311,903,,305,11/5/25
5967866078,1716,797,837,5.10875E+15,561,8/25/30
1368214282,1717,149,674,,869,2/25/24
186082274,1718,462,557,,354,9/15/30
3236567597,1719,383,929,5.04837E+15,827,11/24/28
2998075169,1720,324,488,5.10875E+15,850,12/11/29
8571546789,1721,244,148,,839,9/7/22
1977768261,1722,188,347,,912,4/27/30
3790815802,1723,465,317,,798,1/10/30
6567085622,1724,429,717,5.10875E+15,821,3/7/22
3426641747,1725,582,698,,694,3/1/26
529108747,1726,797,552,,821,7/22/29
1321312652,1727,916,215,,824,2/2/27
839100876,1728,488,802,,603,7/6/22
5056320803,1729,377,404,,878,11/17/30
4044997160,1730,680,373,5.10875E+15,695,3/21/21
5760830961,1731,517,146,,665,7/22/24
6188332796,1732,192,794,,424,4/12/29
7246255672,1733,180,651,5.04838E+15,176,8/16/24
6710983927,1734,169,390,5.04837E+15,182,7/15/24
9677013955,1735,404,361,,539,11/16/21
6293959078,1736,859,579,5.04838E+15,872,6/13/30
2165997828,1737,456,909,5.04838E+15,899,5/14/22
2191322565,1738,64,124,,187,11/12/28
4896263235,1739,444,876,,939,10/11/24
9672255713,1740,182,402,,417,6/25/24
6873533688,1741,298,743,,311,11/4/27
8017509995,1742,474,137,,893,10/1/29
5773265745,1743,410,959,,565,6/8/21
6947161150,1744,767,126,5.10875E+15,866,10/19/30
4660964574,1745,786,947,,341,8/31/30
7496232386,1746,149,254,5.04838E+15,339,6/27/24
3650787881,1747,290,707,5.10876E+15,544,8/11/23
2645783341,1748,920,408,,465,2/25/27
5688398809,1749,707,778,,450,4/14/25
9098773931,1750,801,373,,545,1/30/26
4263183827,1751,898,179,,593,4/17/25
4525269774,1752,945,919,,228,6/30/29
1552208842,1753,81,549,,630,7/22/30
1592857027,1754,840,927,,544,6/28/26
8128421654,1755,318,343,5.10876E+15,440,3/4/23
2509336509,1756,857,942,,529,7/15/28
6769540207,1757,892,199,,703,6/19/26
1376101114,1758,696,499,,325,1/4/26
7430434991,1759,249,188,,669,12/20/26
4744786693,1760,384,685,,114,4/15/29
8713317008,1761,872,753,5.04837E+15,196,12/4/25
6633679580,1762,231,135,5.04837E+15,367,11/29/24
274737345,1763,233,884,,464,7/16/30
7790293850,1764,922,720,5.04838E+15,377,10/23/24
2468775902,1765,36,709,5.04837E+15,391,10/28/26
8992308175,1766,649,916,,267,8/27/27
9693121317,1767,501,713,,177,12/13/29
8210695088,1768,474,880,,927,5/15/23
9646216641,1769,153,826,5.04838E+15,216,8/7/30
4174763119,1770,167,628,,358,5/17/25
8256387971,1771,149,882,5.10876E+15,503,1/14/26
5080593148,1772,221,844,,298,5/28/21
8939657829,1773,476,279,5.04838E+15,926,12/15/30
5689027693,1774,110,372,5.10875E+15,720,1/23/27
1934480770,1775,981,302,5.04838E+15,329,4/15/25
2761004345,1776,12,199,,616,3/14/27
268781125,1777,976,741,,895,8/14/30
5204675299,1778,980,199,5.10876E+15,957,12/29/30
2671170904,1779,245,728,5.04837E+15,795,8/16/23
2965213384,1780,760,530,,770,2/9/25
1187826030,1781,818,551,,323,10/25/26
6654079175,1782,46,306,,729,5/1/28
8820379554,1783,847,906,,403,11/4/30
1663874883,1784,230,615,,801,5/17/27
6055610884,1785,253,505,5.10875E+15,829,4/14/28
7804718756,1786,740,968,,434,11/23/27
3186145600,1787,281,777,,937,9/1/26
9468312895,1788,831,434,,191,6/3/22
5409308336,1789,430,978,,243,9/15/27
1574994026,1790,312,749,,788,9/10/28
100028217,1791,946,153,,131,1/14/26
7130832088,1792,987,521,,125,12/24/28
5334222928,1793,890,315,5.10876E+15,779,7/30/23
6124219077,1794,668,126,,676,10/8/29
3014325252,1795,989,269,,230,1/10/25
7268676174,1796,998,837,5.04838E+15,276,12/31/30
1350090840,1797,160,759,,509,8/27/27
7063557912,1798,199,547,,891,1/14/27
3305354038,1799,179,933,,151,7/5/21
4646716607,1800,460,109,5.10876E+15,165,7/9/27
8926521575,1801,814,378,,931,1/24/22
3827216370,1802,373,855,,415,1/23/26
6812555770,1803,309,427,,107,3/6/22
2586400208,1804,732,333,,187,7/11/29
2586745515,1805,900,129,,825,3/8/24
3996723482,1806,1000,825,,325,2/13/22
6792114987,1807,119,401,,639,9/28/24
2965031162,1808,795,471,,180,10/19/28
5903740235,1809,503,427,,667,6/19/30
2474786031,1810,524,749,,108,4/29/28
1773456296,1811,699,741,,332,3/3/30
8950519569,1812,781,207,,482,12/17/21
2355378894,1813,689,839,,596,3/9/27
1672544696,1814,389,863,,294,2/22/21
2753704287,1815,95,403,,792,2/22/29
8686531814,1816,706,362,,116,3/12/22
4170474198,1817,706,273,5.04837E+15,413,5/16/27
6555753773,1818,927,353,,395,7/5/22
2538209471,1819,695,171,,368,1/24/24
6276616583,1820,139,932,,903,8/31/26
7232645422,1821,954,565,,374,12/4/22
1404551816,1822,422,721,5.10875E+15,224,5/26/29
9759673096,1823,764,248,,174,9/11/29
8058244260,1824,591,697,,650,9/17/29
4351166096,1825,233,497,5.10875E+15,653,10/18/27
8070380934,1826,184,432,,871,1/10/24
4894062151,1827,114,424,,263,8/11/22
5216954066,1828,651,986,,710,11/7/30
8747200634,1829,251,587,,912,4/6/24
9259311314,1830,920,987,,804,1/6/24
7657375183,1831,420,881,5.10876E+15,198,10/3/27
8429085793,1832,253,731,5.04837E+15,810,3/12/21
6697527838,1833,971,777,,568,2/18/30
6586561086,1834,537,518,,427,8/7/22
5988721974,1835,386,949,,546,3/7/23
7095373329,1836,881,194,5.04838E+15,236,10/30/29
4267912912,1837,570,974,,447,9/2/27
6715136092,1838,484,215,5.10876E+15,282,6/13/29
3132452106,1839,870,838,5.04838E+15,782,7/8/25
9807594685,1840,989,301,5.04837E+15,595,11/12/25
2162629887,1841,245,569,,805,7/18/25
8688084661,1842,492,133,5.04838E+15,832,11/18/21
2057328325,1843,360,828,5.10875E+15,168,12/14/25
3301622216,1844,51,111,,561,1/27/21
7692559295,1845,594,275,,189,2/20/22
4972022639,1846,70,517,,940,8/18/26
1129357279,1847,201,612,,583,6/23/25
7972694656,1848,996,991,,887,12/15/22
3102921884,1849,522,544,,776,9/16/29
2160685658,1850,961,392,,602,11/17/24
4684828336,1851,507,550,5.10876E+15,478,6/5/24
7357054713,1852,24,139,,392,5/22/30
3674452502,1853,157,843,,178,11/13/22
6258534341,1854,983,586,,504,8/21/30
5839847321,1855,47,798,,512,4/3/21
9632448375,1856,868,952,,651,8/1/30
162572417,1857,51,790,,593,7/10/24
6808125422,1858,774,804,,141,7/27/25
4862540945,1859,951,891,,980,5/31/27
1654862398,1860,71,913,,728,7/29/25
6657680589,1861,423,222,,789,8/22/24
9382806857,1862,683,804,,773,1/23/27
6186620921,1863,213,329,5.04837E+15,195,7/28/30
1504495888,1864,613,369,5.10875E+15,942,10/31/28
9893251389,1865,907,996,,718,8/15/28
7541547220,1866,35,995,5.10876E+15,603,7/31/30
6178635745,1867,458,300,,158,1/1/23
3191731032,1868,888,498,,515,4/7/24
849000068,1869,76,558,5.10876E+15,565,6/24/27
8640569533,1870,947,877,,683,3/10/25
3581802899,1871,564,548,5.10876E+15,730,10/3/29
5142671619,1872,436,265,5.10875E+15,789,12/18/23
8751405350,1873,831,823,,443,12/16/25
3770994574,1874,102,477,5.10875E+15,762,6/27/21
679513086,1875,406,410,,496,5/17/29
4033796363,1876,386,739,,257,1/27/30
229474276,1877,837,768,,567,9/30/30
3442170931,1878,247,660,5.04838E+15,387,10/25/27
5415948066,1879,646,434,5.10875E+15,820,2/22/26
9976511019,1880,573,182,,340,12/15/26
101138474,1881,266,681,5.04838E+15,496,8/15/21
6484118973,1882,698,437,,766,3/19/28
619187239,1883,469,809,,749,3/14/25
7302955883,1884,566,847,,920,11/1/22
2163514358,1885,412,257,5.10876E+15,767,11/8/24
6511687791,1886,356,458,,888,3/26/29
5352851834,1887,783,205,,872,12/2/30
19605234,1888,88,744,,255,2/11/24
741904977,1889,53,898,5.10876E+15,557,6/1/25
6819473958,1890,96,614,5.10876E+15,928,6/8/24
4962350463,1891,109,529,5.10875E+15,808,9/29/21
6884023244,1892,615,175,5.04837E+15,633,4/11/28
1313642304,1893,147,616,,988,9/27/28
8547293450,1894,319,949,,998,11/18/25
7547516734,1895,343,439,,883,4/24/28
1322166323,1896,229,427,,664,12/16/28
9459681662,1897,535,366,5.04838E+15,770,3/6/29
2530433046,1898,192,738,,133,1/1/30
3119582182,1899,945,235,,499,11/9/21
8475006701,1900,145,749,,432,2/19/28
278388299,1901,639,117,,878,7/21/28
3398601677,1902,332,323,,298,12/7/28
8911415170,1903,256,785,,986,2/20/27
7667832692,1904,824,468,,377,6/23/26
5482278832,1905,451,809,,351,10/15/22
269807284,1906,412,680,,406,7/8/30
5226143451,1907,42,533,,117,8/14/27
4911930381,1908,436,431,5.10875E+15,672,11/8/21
6002896015,1909,543,822,5.04837E+15,716,4/22/27
1420120379,1910,424,773,,746,5/21/27
220049076,1911,285,777,,434,12/21/29
9942642544,1912,450,513,,303,3/14/24
4159190774,1913,998,936,,161,6/20/23
2736863631,1914,217,333,,552,6/3/30
1370825862,1915,712,956,,424,1/29/22
8237422740,1916,316,398,,465,7/16/22
6460278407,1917,159,473,5.10876E+15,161,3/21/26
1666036722,1918,316,243,,398,7/2/25
3936450218,1919,467,289,,242,8/3/26
2524532860,1920,138,649,,217,10/24/22
5669247337,1921,635,556,,146,7/24/26
2094404552,1922,119,282,5.10875E+15,476,9/22/26
388237082,1923,692,762,,919,8/3/30
5815748021,1924,769,266,,892,5/12/29
7006341442,1925,121,144,,469,9/16/21
8320157528,1926,891,239,,915,1/19/26
5259891805,1927,148,658,5.04837E+15,685,9/28/29
6123462636,1928,706,879,,934,12/28/26
5810612601,1929,206,994,,239,10/10/27
6275966378,1930,389,846,,363,8/1/22
2423942052,1931,768,204,,641,9/20/22
2923263545,1932,849,318,,844,8/23/30
8066098979,1933,186,527,,936,9/25/22
3933936438,1934,276,794,,644,12/14/21
4924525901,1935,239,907,,496,1/25/24
3049756608,1936,694,978,,255,1/13/26
8132370732,1937,923,284,,810,9/3/26
3948298742,1938,524,623,,298,9/24/27
8454863222,1939,880,320,,872,10/24/22
5096818284,1940,260,352,,534,6/8/29
8038860276,1941,50,518,5.04838E+15,338,3/6/29
3768710491,1942,698,136,,801,5/14/30
2236745532,1943,732,291,,765,11/16/23
9943395362,1944,597,886,,570,4/30/30
8644759248,1945,601,237,,175,3/19/25
286600706,1946,621,452,,597,11/5/28
6778002794,1947,990,220,,367,2/14/27
6537778476,1948,827,732,,133,4/10/22
8594899300,1949,1,929,,379,9/27/21
7632249036,1950,963,166,,321,2/13/27
3993848845,1951,542,201,,960,9/13/27
9030279273,1952,542,816,,514,12/12/27
3430685044,1953,632,262,,838,1/9/21
6077466697,1954,851,352,5.04837E+15,627,3/21/28
110722132,1955,737,637,5.04837E+15,102,12/17/25
8764155684,1956,186,369,,232,2/14/27
305223259,1957,118,742,,857,3/19/23
7380307924,1958,912,966,,598,4/9/22
5088483082,1959,411,656,5.10876E+15,278,3/22/27
920600603,1960,73,671,,446,3/16/26
9385728040,1961,422,109,,648,6/21/23
7740663492,1962,526,372,5.04837E+15,605,6/17/28
665559976,1963,535,405,,751,6/23/26
4958396705,1964,273,970,,260,3/15/22
9384089265,1965,504,675,,884,11/16/29
6628102114,1966,337,948,,284,3/4/29
681660783,1967,370,790,,950,7/25/23
4849001106,1968,436,995,,925,10/3/27
7292885586,1969,808,230,,443,6/27/26
2453559982,1970,0,629,,913,4/24/29
6203717320,1971,627,858,,386,3/19/28
1704152526,1972,813,426,,355,12/1/26
2761699416,1973,98,592,,589,10/7/29
572104022,1974,178,612,,828,2/5/22
2886440108,1975,633,680,5.04837E+15,859,10/2/29
1377430324,1976,100,104,,265,4/25/30
1340587750,1977,670,222,,437,12/9/24
3386473482,1978,103,980,,608,3/24/26
6675558382,1979,517,598,5.10876E+15,344,10/24/22
5615306092,1980,577,319,,699,5/14/29
8341061546,1981,639,595,,257,7/29/24
5227516545,1982,511,558,5.04838E+15,119,2/21/27
543106500,1983,655,720,,907,4/2/25
5405501212,1984,299,150,,874,7/24/21
7418227639,1985,433,300,,107,5/5/28
9625703322,1986,555,687,,893,3/15/29
9676925543,1987,694,273,,107,9/8/25
5661631553,1988,884,550,,651,7/13/29
4374946004,1989,229,787,,190,3/31/27
4255203644,1990,640,474,,356,11/21/29
892323353,1991,61,237,,502,1/24/29
5630838504,1992,787,124,,557,3/23/26
8477377790,1993,466,723,5.04838E+15,873,9/26/25
619375981,1994,147,923,,982,12/7/25
1089962274,1995,223,470,,614,8/24/22
9715223893,1996,15,223,,204,1/8/24
6932562405,1997,24,470,,835,6/3/24
227746015,1998,869,416,,346,11/2/27
4326739347,1999,508,378,,878,7/3/27
5350693204,2000,748,430,5.10875E+15,400,11/12/23